title,summary,source,date
Company debuts building material that could revolutionize construction industry: 'One step closer to high-performance materials',"The Carbon Herald called the facility ""a major leap forward in scaling sustainable construction materials.""    Carbon mineralization is a process that stores CO2 as a solid mineral through a chemical reaction,",The Cool Down,2025-05-15T10:45:11+00:00
ZS2 launches Gen 2 magnesium cement materials for climate-resilient construction,The launch aims to address the performance gaps and supply chain volatility associated with imported MgO products.,World Construction Network,2025-05-16T11:47:05+00:00
"New, 'Living' Building Material Made From Fungi and Bacteria Could Pave the Way to Self-Healing Structures","Researchers are developing the biomaterial as a more environmentally friendly alternative to concrete, but any wide-scale use is still far away",Smithsonian Magazine,2025-04-24T14:48:00+00:00
Beyond Steel: 8 Lightweight Building Materials Revolutionizing Construction,"When it comes to building strong structures, steel and concrete have always been the go-to materials. But what if you could achieve the same strength and durabi",BDC Magazine,2025-05-06T08:57:00+00:00
CHARACTERIZATION AND DEVELOPMENT OF ECO-FRIENDLY CONCRETE USING INDUSTRIAL WASTE - A REVIEW,"Advances in solid waste management resulted in alternative construction materials as a substitute to traditional materials like bricks, blocks, tiles, aggregates, ceramics, cement, lime, soil, timber and paint. To safeguard the environment, efforts are ...",JSTOR Daily,2024-09-05T05:24:00+00:00
Iron-fortified lumber could be a greener alternative to steel beams,"Although lumber does show promise as a renewable alternative to structural materials such as steel and concrete, it still tends to be a bit weaker than those substances. Scientists have now set ...",New Atlas,2025-04-29T16:27:00+00:00
Engineers invented an ultra-hard concrete alternative made of fungus and bacteria,"This fungi-based concrete alternative uses fungal mycelium and ... The project is part of a growing field known as engineered living materials (ELMs), which combine living organisms with non ...",BGR,2025-04-27T19:10:00+00:00
5 Concrete Technologies to Reduce Carbon Footprint,"Because of its inherent strength, adaptability, and relatively low cost compared to alternative building materials, concrete has remained the most widely used material in construction for centuries.",For Construction Pros,2024-09-05T00:00:00+00:00
"Recycled Concrete Aggregates Market Size, Trends & Growth Report By 2023","Introduction Recycled Concrete Aggregates (RCA) are produced by processing debris from demolished concrete structures like roads, bridges, and",MENAFN,2025-05-13T11:20:00+00:00
Quality Management for Alternative Delivery Methods,"The TCM members developed a research statement for advanced quality systems, and with the support of the AASHTO Subcommittee on Construction, The National Cooperative Highway Research program initiated NCHRP Project 10-83 - ""Alternative Quality Management ...",CU Boulder News & Events,2018-01-19T03:51:00+00:00
"Colorado economists warn of rising home prices, job losses as tariffs hit construction materials","Paired with tariffs on other construction materials, including lumber, the National Association of Home Builders estimates it will soon cost roughly $9,200 more to build a single-family home ...",Summit County,2025-04-21T00:00:00+00:00
RIBA Yorkshire Small and Emerging Practice Group: AlterNATIVE Constuction - Air Quality,"AlterNATIVE Construction in Harrogate. Sally Walker, founder of Native Architects, brings a wealth of experience and a deep commitment to sustainable and responsible architecture. Her practice is guided by strong environmental values, with a focus on ...",RIBA,2025-05-15T00:00:00+00:00
Carbon-Negative Construction Materials Harnessing Seawater and CO2 Offer a Sustainable Path Forward,"Cement, concrete, paint, and plasters are customarily composed of or derived from calcium and magnesium based minerals, which are often sourced from aggregates what we call sand,"" Northwestern University senior researcher Dr.",Modern Engineering Marvels,2025-03-26T06:48:29+00:00
Rammed Earth Construction: A Timeless Approach for a Sustainable Future,"You must have heard that everything old is new again. Well, that is just what is happening with rammed earth construction. This method of building dating back thousands of years ago is undercover in revival.",Modern Engineering Marvels,2025-03-05T06:36:00+00:00
TÃ´mTex and Modern Meadow Dive Into the Future of Alternative Materials,"which requires a sequence of fewer processes than spun or woven alternative materials, McBee said its supply chain is fairly transparent. That provides it an advantage when speaking to clients-but ...",MSN,2025-04-01T21:12:00+00:00
"Why stone wool insulation offers alternative for home construction, remodels","there is normally no alternative but the trash. When making decisions on your next construction projects, look closely at products that can provide more than just one solution and add to the value ...",Daytona Beach News-Journal,2024-09-22T09:09:00+00:00
Spanish winery built from hempcrete blocks to preserve ancient grapes,"In the quiet countryside of Zayas de BÃ¡scones, a subtle architectural form is beginning to take shape. When completed, the Bodegas Dominio d'Echauz winery will serve as an archive, a laboratory, and a sanctuary dedicated to protecting endangered grapes.",New Atlas,2025-05-16T16:27:00+00:00
Architects swear by natural material making waves in construction industry: 'I really want to see it taken much further into the mainstream',"Most of the extra expenditure is due to the higher labor costs of hiring specialists, but if hempcrete becomes popular enough, ordinary construction crews will learn how to work with it.",MSN,2025-01-14T19:44:00+00:00
Hempcrete: The green brick taking on the challenge of climate change,"""The future of hempcrete will be in prefabrication using modular methods of construction. We already have timber-framed houses largely assembled in factories, brought to the site and constructed ...",MSN,2025-01-08T21:21:00+00:00
"Hemp Stock Price, Quotes and Forecasts | OTC:HEMP | Benzinga","Hempcrete Project Gets $6.2M EPA Grant To Develop Eco-Friendly Construction Materials EPA grants $6.2M to Hemp Building Institute to boost hempcrete use in construction, aligning with Biden's ...",Benzinga.com,2019-09-07T12:09:00+00:00
Block House,"Block House is a prototypical, experimental building which demonstrates that low-carbon construction is not ... Additionally, the hempcrete blocks were sourced from the only British manufacturer ...",Dezeen,2022-08-11T09:01:00+00:00
Material Cultures,"They design buildings that integrate emergent bio-regional and plant based construction technologies ... exploring renewable materials, and the hempcrete demonstrator Flat House which was ...",Dezeen,2023-10-13T10:17:00+00:00
The new material being used to build homesâ€”and the only part of the US that uses it,"Besides, hempcrete as a construction material is normally the domain of rich people with means to contract a green home, not marginalized communities. That's because the sustainable material is ...",MSN,2024-01-20T21:35:00+00:00
The FBI is getting new technology to see through walls,A lunchbox-sized radar system could help the FBI detect moving or stationary people by peering through walls via radio waves,New Scientist,2025-05-14T16:07:00+00:00
Building rammed earth homes,"Rammed earth technology has been around since the 18th ... which is usually a plywood structure that provides the outline of a wall. A mix of soils is then rammed into the walls, either by hand ...",standardmedia.co.ke,2021-07-21T20:56:00+00:00
"I/Thee places seating within ""intentionally eroded"" earthen walls for Iowa park","The team then used a high-pressure water sprayer to create the wall's eroded appearance. ""The pavilion features two rammed earth walls intentionally eroded to reveal playful public infrastructures ...",MSN,2024-12-19T20:51:00+00:00
Slow Cold tiles by Marazzi,Italian manufacturer Marazzi explored the combination of cool tones and rammed-earth textures in this collection of porcelain stoneware tiles.,Dezeen,2025-05-07T15:00:28+00:00
"NTSA Architectes draws on ""age-old know-how"" for rammed-earth school extension","Deep-set windows and reading nooks puncture the rammed-earth walls of this school extension in France, completed by local studio NTSA Architectes. Located in Villefranche-sur-SaÃ´ne, the extension ...",Dezeen,2025-02-28T11:38:00+00:00
Breakthrough cement battery turns buildings into rechargeable power banks,"Researchers in France and Spain have designed a groundbreaking cement-like material that not only supports structural loads but also functions as a rechargeable battery. The team consisting of scientists from the University of Bordeaux and the University of Basque Country,",Interesting Engineering,2025-05-09T15:19:11+00:00
Geopolymer Concrete with Recycled Fillers Shows Strong Results in Durability Testing,"Geopolymer concrete (GPC) addresses this challenge ... which are commonly used in real-world applications. While prior studies have looked at these additives individually, their combined impact ...",MSN,2025-04-23T22:07:00+00:00
Self-Healing Materials Market to Build on Success in the Construction Industry,"Concrete offers a high-volume route to market for self-healing materials, allowing confidence and trust to be built in the novel approach to increasing the lifespan of structures.",Specifier Review,2025-05-14T15:01:00+00:00
"Geopolymer Concrete, Perfecting Roman Technology Today",For all the things Romans got wrong (lead pipes anyone?) did you know we're still using a less advanced concrete than they did? Consider some of the massive structures in Rome that have passed ...,Hackaday,2014-12-04T07:24:00+00:00
geopolymer concrete,For all the things Romans got wrong (lead pipes anyone?) did you know we're still using a less advanced concrete than they did? Consider some of the massive structures in Rome that have passed ...,Hackaday,2014-12-03T00:00:00+00:00
Study Finds Laterite Soil Powder a Viable Cement Alternative for Sustainable Mortar,"Research on laterite soil powder reveals its potential as a sustainable substitute for cement, enhancing mortar performance while reducing environmental impact.",AZoBuild,2025-05-15T11:37:00+00:00
What if walls could become batteries? ðŸ”‹,Turning building walls into actual rechargeable batteries: this is the ambition of a Franco-Spanish research team. Their goal is to propose a new electrochemical storage technology based,Techno-Science.net,2025-05-15T06:00:08+00:00
New Indoor Test System Boosts Geopolymer Solutions for Road Base Repair,"particularly after concrete pavement homogenization, providing insights into its effectiveness in real-world applications. The geopolymer slurry was formulated using blast furnace slag powder and ...",MSN,2025-04-25T14:20:00+00:00
Estimating Eco-Friendly Concrete Strength with AI,"Engineers and researchers can utilize this tool to optimize slag-ash-based geopolymer concrete for diverse applications such as buildings, bridges, pavements, and dams. It helps in selecting the ...",MSN,2024-07-15T20:58:00+00:00
Revolutionizing indoor air quality with 3D-printed geopolymer tiles,"Such applications demonstrate the potential for geopolymer tiles to transform spaces where humidity control is critical, from offices to public facilities. The ability to passively regulate ...",The Brighterside of News,2025-01-28T23:19:00+00:00
Geopolymer Concrete Using Gold Ore Tailings and Recycled Aggregates,A recent article in Scientific Reports looks at how gold ore tailings (GOTs) and recycled coarse aggregates (RCAs) can be used as substitutes for river sand (RS) in geopolymer concrete (GPC).,MSN,2025-04-18T12:45:00+00:00
Building Thermal Insulation Market: A Key Contributor to Energy Efficiency and Sustainable Construction,"With rapid urbanization, evolving construction standards, and a growing awareness of the importance of energy-efficient buildings, thermal insulation has become an integral part of modern construction practices.",FMIBlog,2025-05-09T10:11:00+00:00
Biobased Insulation Market Report 2025-2035: Emerging Bio-Aerogels & Carbon-Negative Insulation Set To Transform Green Building Sector,"bio-based phase change materials, aerogel-enhanced products, and carbon-negative insulation solutions are emerging as next-generation options with superior thermal properties and environmental ...",Mena FN,2025-04-17T11:06:00+00:00
Bio-Based Insulation: Why It's Best,"Stay warm, save energy, and go green! Bio-based interior insulation is the natural way to keep your home cosy all year round. Sustainable wood fibr",UK Construction,2025-05-12T11:38:00+00:00
Review Explores How Biobased Materials Influence Concrete Performance,"The study explores biobased materials in concrete, highlighting how hemp and flax influence strength, insulation, and durability in construction applications.",AZoBuild,2025-05-16T08:52:00+00:00
Biobased Insulation Market Report 2025-2035: Emerging Bio-Aerogels & Carbon-Negative Insulation Set to Transform Green Building Sector,"The global market for biobased insulation materials is experiencing robust growth as the construction industry increasingly prioritizes sustainability and carbon footprint reduction. Driven by stringent environmental regulations, rising energy costs ...",Yahoo Finance,2025-04-17T04:20:00+00:00
"New material made from fungi is biodegradable, edible... and alive","We've seen fungi being used to create useful new materials for construction, fire-retardant building insulation, and even 3D-printed batteries.",New Atlas,2025-05-16T09:57:00+00:00
"Plywood manufacturer launches new product, Zero ThinPly","Koskisen is launching a new thin plywood product, Zero ThinPly. The plywood is made entirely from bio-based materials, containing no added formaldehyde, phenolic compounds, or urea. Koskisen's sustainability program commits to reducing emissions from its own operations and value chain.",Woodworking Network,2025-05-12T12:02:00+00:00
Researchers develop living material from fungi,Fungi are considered a promising source of biodegradable materials. Researchers have developed a new material based on a fungal mycelium and its own extracellular matrix. This gives the biomaterial particularly advantageous properties.,Phys.org,2025-05-13T16:00:00+00:00
Building and Construction News,"allowing for the design of new building materials and technology. AIMPLAS contributes to the BIO4EEB Project, focusing on bio-based insulation materials to reduce energy consumption and CO2 emissions in European buildings. Researchers from the Institute of ...",AZOM,2025-02-27T00:00:00+00:00
Kia's EV2 Is Made of Mushrooms and Linenâ€”Inside the Wildest Materials Yet,"Kia has partnered with Swiss cleantech firm Bcomp, American advanced materials startup Simplifyber, and bio-based design company ... mushrooms for EV2's interior insulation and visual design ...",MSN,2025-04-15T06:11:00+00:00
"Automotive Headliner Market to Surpass USD 33.3 Billion by 2035, Driven by Lightweight Innovations and Premium Interior Demand",Secure Your Sample of Our Insightful Report Now!  The global automotive headliner market is witnessing significant traction across both developed and emerging economies. This momentum is being driven by several factors.,FMIBlog,2025-05-15T07:18:00+00:00
This living fungus-based building material can repair itself over a month,"And with further refinement, they might survive much longer. Traditional building materials like cement are a massive environmental problem. Cement alone contributes up to 8% of global carbon ...",MSN,2025-04-16T20:32:00+00:00
Scientists develop self-healing material from fungus and bacteria,"New living fungus-based building material repairs itself ... offer a ""sustainable alternative"" for high-emission building materials such as concrete, according to the research team.",KHQ,2025-04-16T00:00:00+00:00
Fungus-based material could offer a sustainable concrete alternative,"It's a difficult problem to solve, because doing so will require us to find eco-friendly materials that are as ... State University has developed a building material using the root-like mycelium ...",New Atlas,2025-04-21T00:00:00+00:00
Living fungus-based building material repairs itself for over a month,"The researchers hope their new biomaterials can help replace building materials with high carbon footprints like cement, which contributes up to 8% of all carbon dioxide emissions produced from ...",EurekAlert!,2025-04-16T15:06:00+00:00
You'll Never Guess What This Fungus Is Doing In The Lab â€” It's Building Stuff,"The work opens new possibilities for self-assembling, repairing, and even environmentally responsive building components ... and developed further, fungus-based materials like this could lead ...",MSN,2025-04-20T16:21:00+00:00
"Q. Which is the greener building material, fungus or concrete?","Producing fungus-based building materials requires a large amount of electricity. So the biomaterials could, in fact, have a bigger footprint than conventional fossil fuel-based materials ...",MSN,2025-03-05T20:30:00+00:00
Argo Living Soils Corp. Announces Research and Development Agreement with Graphene Leaders Canada Inc. to Advance Graphene Concrete Solutions,"Argo Living Soils Corp. (CSE: ARGO) (OTCQB: ARLSF) (FSE: 94Y0) (""Argo"" or the ""Company"") is pleased to announce it has entered into a research and development (R&D) agreement with Graphene Leaders Canada (GLC) Inc.",Yahoo Finance,2025-05-05T13:00:00+00:00
Greener AND cheaper: Graphene@Manchester solves concrete's big problem,"With Network Rail committing to an 11% reduction in CO 2 emissions over the next four years, graphene-enhanced concrete shows significant potential to help meet this target. For example, the HS2 high-speed rail project is expected to use 19.7 million ...",University of Manchester,2022-02-18T12:41:00+00:00
ARGO LIVING SOILS CORP,"Argo Living Soils Corp. (CSE: ARGO) (OTCQB: ARLSF) (FSE: 94Y0) (""Argo"" or the ""Company"") is pleased to announce it has entered into a research",FinanzNachrichten.de,2024-07-25T10:38:00+00:00
Decarbonising construction with Graphene,Watching concrete dry may not be the most exciting pastime - unless it's Graphene enhanced. Graphene - first isolated by researchers at The University of Manchester in 2004 - is the world's first breakthrough 2D material. Its pioneering role has ...,University of Manchester,2024-08-23T04:52:00+00:00
GEIC partner NERD boosted by Arup and Black Swan deals on Concretene,NERD's key technological advance is Concretene - a graphene-enhanced admixture for concrete that has demonstrated the ability to reduce CO2 emissions by around 30%. The product has been developed in partnership with The University of Manchester.,University of Manchester,2024-08-23T20:13:00+00:00
GEIC hosts first exterior pour of graphene-enhanced Concretene,"using its graphene-enhanced Concretene product as a 'living lab' to test performance in exterior conditions. Graphene provides sustainability benefits by producing denser, stronger concrete, which allows for the removal of approximately 30% of the ...",University of Manchester,2021-09-08T08:58:00+00:00
"Â£400,000 Funding for Graphene-Concrete Decarbonisation","It's fine particle size and high surface area, also contributes to improved particle packing and hydration reactions in the concrete mix, enhancing strength and durability. ""The potential for graphene-enhanced concrete to significantly reduce COâ‚‚ ...",University of Manchester,2024-08-23T04:52:00+00:00
Graphene spin-out wins The Spectator's Innovator of the Year Award for Excellence in Sustainability,"Notably, GIM's work in developing graphene-enhanced concrete stands out as a game-changer for the construction industry, where concrete production contributes 8% of global CO2 emissions. GIM Concrete, a pioneering product by the company, is a fusion of ...",University of Manchester,2023-11-11T18:26:00+00:00
GEIC signs NERD as Tier 1 partner for sustainable construction tech,"NERD is a standalone company, spun out from Nationwide Engineering Group, formerly Tier 2 partners of the GEIC and responsible for the initial development of Concretene, a graphene-enhanced admixture for concrete that saves significantly on CO2 emissions ...",University of Manchester,2023-09-23T02:28:00+00:00
3D-printing technology is revolutionizing the future of homebuilding,"Because 3-D-printed homes are still such a rarity, it's something that fascinates people. Case in point: In 2021, a survey conducted by realtor.com showed that 66 percent of consumers would be open to the idea of living in a 3D-printed home. For millennials, 75 percent said they would.",USA TODAY,2025-05-15T14:00:00+00:00
A robotics company has 3D printed nearly a hundred homes in Texas,"Once printed, the walls look like giant stretches ... ICON isn't just using its large scale 3D printer to make homes on Earth. NASA is reportedly interested in using the technology to build ...",MSN,2024-08-08T23:18:00+00:00
3D Printed Homes: The Latest Architecture and News,Our ventures beyond Earth's atmosphere are driven by a deeper purpose: to understand better our place in the cosmos and to pioneer innovations that can transform life on our home planet.,ArchDaily,2024-08-30T00:00:00+00:00
Designers unveil stunning 3D-printed home made from a surprising material â€” and it's changing the future of construction,3D-printed earth buildings show how intelligent design and appropriate technology can create homes that cost less to build and maintain and also tread lightly on our shared environment.,MSN,2025-04-04T11:47:00+00:00
"3D Printed Homes Are All The Hype, But What Is Their Real Impact?",Generally this brings to mind massive 3D printers that are carted to construction sites and assemble entire homes on the spot ... the Moon out of regolith. 3D printed home by WASP out of clay.,Hackaday,2024-09-01T10:08:00+00:00
"Post-wildfires, shipping containers, 3D-printed homes provide temporary shelter",Palisades and Eaton Fire victims are turning to prefab construction in the face of high costs and long build times.,The Real Deal,2025-05-10T15:07:00+00:00
3D printed homes,ICON is also working on a 3D-printed neighborhood of homes near Austin. The world's first 3D-printed neighborhood now has its first houses A giant 3D printer is currently squeezing out new homes ...,Fast Company,2024-01-26T07:10:00+00:00
Why 3D printing could make housing cheaper and more sustainable,"""Now this material is what's 100% renewable, because it is really bio based."" 3D printed homes can help ease the housing crisis and climate crisis, experts say. A BioHome takes about a week to ...",ABC News,2025-04-23T08:21:00+00:00
"These 3D printed homes can be constructed for $4,000","An entire community of these 3D printed homes will be constructed in El Salvador. The ultimate goal is to get costs down to $4,000 per house with a build time of fewer than 24 hours. This ...",Business Insider,2018-04-02T00:00:00+00:00
3D-printed homes could fix the affordable housing crisis in the U.S.,"3D-printed homes have not hit the market yet in Ohio, which makes it hard to come up with a price estimate. Smoll said even if the price is the same as an average home, a 3D-printed home gives you ...",Yahoo,2025-05-05T22:41:00+00:00
3D printed and factory-built homes could help tackle housing crisis,"DENVER (AP) â€” As Americans struggle under backbreaking rental prices, builders are turning to innovative ways to churn out more housing, from 3D printing to assembling homes in an indoor factory ...",Orange County Register,2025-03-26T18:55:00+00:00
3D printed houses and construction,"Architects around the globe are racing to build the world's first 3D printed houses â€” a breakthrough with profound implications for housing affordability and customization. In China, a company ...",Business Insider,2015-03-22T00:00:00+00:00
"ICON's 3D-printed homes, hotel to Marfa","Sales began last week for Sunday Homes, a 30- to 40-home complex in Marfa, with prices starting at $900,000, ranging from 1,200 to 2,400 square feet, the Houston Chronicle reported. With ...",The Real Deal,2023-05-01T15:30:00+00:00
This house was 3D-printed in just 24 hours,"Original image has been replaced. Credit: Mashable 3D-printed houses are typically made off-site and only assembled on the site itself. Last year, the world's first 3D-printed apartment building ...",Mashable,2020-10-23T06:32:00+00:00
"Camarillo expands homelessness program with apartments, 3D-printed tiny homes","The clay-tiled roofs of Camarillo will soon be joined by a new type of dwelling: 3D-printed, plastic-boned tiny homes. Six printed studio units and a conventionally built nine-unit apartment ...",Ventura County Star,2025-05-06T00:00:00+00:00
Colorado company building 3D printed homes to help tackle housing crisis,"On Monday, Governor Jared Polis signed the state's latest budget, which includes funding to continue the wolf reintroduction program â€” but also adds new guidelines aimed at better protecting ...",FOX31 Denver,2025-03-26T23:48:00+00:00
Starbucks opens first 3D printed store this week. Where it is and how it works.,"Starbucks brewed up something new to build its latest store: a 3D printer. The coffee giant's newest shop opening this week is its first 3D printed store in the country, Starbucks said. The 1,400 ...",USA Today,2025-04-29T23:59:00+00:00
Tech CEO reveals revolutionary 3D-printed homes built in 24 hours: 'The house will crumble before this one does',Azure Printed Homes' 3D printing technology is ready for the challenges of a warming planet. CBS News reported on the California-based startup's goal to speed up recovery after extreme weather events.,MSN,2025-04-06T06:33:00+00:00
Contractor unveils 3D-printed home designed to tackle a growing crisis: 'It's â€¦ a radical change into the way homes have been built',"This new method of 3D printing homes has gained popularity in recent years. Last year, Los Angeles welcomed its first 3D-printed ""net-zero"" home. In the Netherlands, ""habitable boulders"" are ...",MSN,2025-04-13T09:28:00+00:00
How 3D Printing Is Revolutionizing Lunar and Martian Habitat Construction for Future Space Colonization,"We talk about having a sustained human presence and a robust lunar economy,"" said Corky Clinton, senior adviser at NASA's Marshall Space Flight Center Science and Technology Office. Those are the words that encapsulate a dream once the sole domain of science fiction but now rapidly becoming a concrete reality.",Modern Engineering Marvels,2025-03-14T07:10:00+00:00
"Focus on research: 3D printing will help space pioneers make homes, tools and more","On Earth, 3D printing can fabricate, layer by layer, thousands of things, from replacement hips to hammers to homes. These devices ... of special concrete, we 3D-printed a one-third scale ...",MSN,2025-04-12T10:14:00+00:00
Marfa's highly anticipated 3D-printed 'Sunday Homes' hit market for $2.3M,"The projectâ€”a partnership between her company, an edgy architect and an Austin-based 3D ... 3D-printed houses throughout Texas the technique has not typically been used for luxury homes.",MSN,2025-04-12T11:08:00+00:00
A Texas Community Just Build 3D-Printed Homesâ€”and They're Straight Out of the Future,"Texas has a new residential resort community that boasts a selection of 3D-printed homes which, admittedly, I didn't even know were a thing. But, yes, if you have an industrial-sized 3D printer ...",MSN,2025-04-27T01:25:00+00:00
Construction expert reveals stunning detail inside next-gen 3D-printed house: 'This project is immaculate',"Would you trust a home built by a 3D-printing robot? Click your choice to see results and speak your mind. Printed using materials such as foam concrete, the homes are designed to be well ...",The Cool Down,2025-03-09T06:36:00+00:00
"3D printing will help space pioneers make homes, tools and other stuff they need to colonize the moon and Mars","On Earth, 3D printing can fabricate, layer by layer, thousands of things, from replacement hips to hammers to homes. These devices ... of special concrete, we 3D-printed a one-third scale ...",Phys.org,2025-03-13T17:51:00+00:00
Are 3D-printed homes the future for Shawnee County?,"But what if there was a way that could be exponentially shorter? The answer to that could be 3D-printed homes. ""Whether you're printing a piece for a stove or a toy, the general concept is the ...",MSN,2025-03-31T03:58:00+00:00
Step Inside The 3D-Printed Homes Revolutionizing Housing,"It might sound like the stuff of sci-fi movies, but 3D-printed homes are cropping up across the world. A modern solution to the housing crisis, they offer a speedy, sustainable, and durable ...",MSN,2025-03-29T17:20:00+00:00
Colorado company receives state grant to expand 3D printed homes efforts,"Colorado's Innovative Housing Incentive Program (IHIP) was awarded to VeroTouch after the completion of their first 3D printed homes. But unlike standard 3D printers, VeroTouch printers use concrete.",MSN,2025-03-03T14:37:00+00:00
First Metal Object 3D-Printed in Space Recovered on Earth,"The first metal thingamajig ever 3D printed in space has landed on Earth, where European Space Agency (ESA) scientists are now studying it. In a press release, the ESA announced that the object ...",MSN,2025-02-28T22:19:00+00:00
Japan created the world's first 3D-printed train station â€” and it took just 6 hours to build,"JR West worked with Serendix, a Japanese 3D printing company that has manufactured unique 3D-printed homes in the past ... is friendly to people and the earth.'""",MSN,2025-04-01T18:15:00+00:00
Fungi could be used to build homes one day. Meet the researchers trying to make it possible,"Researchers in Montana say they have found a way to turn fungus into a brick, which could eventually offer a more sustainable cement alternative.",CNN International,2025-04-30T15:54:33+00:00
Architecture firm develops 3D-printed modular building blocks made from mycelium â€” here's how they could revolutionize construction industry,"The mycelium then grows through the block, weaving a network that could replace bricks and other building materials. The process is so transformative that PLP is moving from architecture to ...",MSN,2024-06-10T00:59:00+00:00
"Fungi could be used to build homes one day, researchers say","Heveran said mycelium is still a promising base. Thanks to its flexibility, the sticky substance could be shaped to include vascular-like channels within beams, bricks or walls. Much like blood ...",MSN,2025-05-03T23:10:00+00:00
"Fungi and bacteria could be used to build homes one day, new study suggests",Researchers compare the biomineralized mycelium scaffold (lower right) with other living materials built from hydrogels and cellulose. - Maren Stubenvoll,Yahoo,2025-04-30T15:54:00+00:00
Fungus-based material could offer a sustainable concrete alternative,"A team of engineers from Montana State University has developed a building material using the root-like mycelium network of a fungus, along with specially selected bacteria. This hybrid material ...",New Atlas,2025-04-21T00:00:00+00:00
Why houses made of mushrooms might slowly sprout across the world,"Photo: TVP World Huynh believes mycelium could have many uses in the future, from bricks and insulation to wallpaper protection and even sound absorption. Her own research has proven that ...",Domain,2025-04-08T00:00:00+00:00
Living material made from fungus could make buildings more sustainable,Chelsea Heveran at Montana State University and her colleagues tested whether a similar mineralised structure could be created around a scaffold of fungal mycelium. Mycelium is a network of ...,New Scientist,2025-04-16T00:00:00+00:00
Inverted Architecture: A Mushroom Brick Pyramid,"The installation explores the connection between living organisms and architecture, using mycelium as a focal point, consisting of 400 hanging mushroom bricks made from renewable and biodegradable ...",Dezeen,2023-09-13T07:39:00+00:00
Add Mycelium To Your Mesh Networks,"These mysterious organisms aren't the whole story, though. The living being is a vast network of hidden fibers, called mycelium, spreading through the ground and into any other organic material ...",Hackaday,2021-10-27T22:21:00+00:00
Adidas Going Natural With Mycelium Leather,"They are currently working on a leather alternative made of mycelium, which is the network of fungal filament material that produces mushrooms, toadstools, truffles, and more. Hopefully they're ...",Hackaday,2021-01-05T09:20:00+00:00
Monc Mycelium Packaging,"Monc has developed its own sustainable mycelium packaging made from 'magical' mushrooms. Monc's new packaging harnesses the potential of agricultural waste and fungi, one of the world's oldest ...",Dezeen,2024-09-12T10:04:00+00:00
Mycelium Matters: How Mushrooms Can Address Climate Change,"The mycelium, which extends more than 300 miles down into the earth, is excellent at taking in and breaking down hydrocarbons. That ability gives it several crucial roles in the forest ecosystem.",BBC,2023-03-24T07:15:00+00:00
"Q. Which is the greener building material, fungus or concrete?","The Bristol conducted a life cycle assessment of mycelium materials used in the context of Africa, and compared the ecological footprint with that of conventional materials like concrete bricks.",MSN,2025-03-05T20:30:00+00:00
Architects swear by natural material making waves in construction industry: 'I really want to see it taken much further into the mainstream',"The result can be packed into frame walls onsite, or it can be made into prefabricated blocks or ... hemp is carbon-negative, meaning that growing, processing, and building with it removes more ...",MSN,2025-01-14T19:44:00+00:00
Scientists invent a solid carbon-negative building material,"New research describes a method of creating building material that is not only carbon-neutral â€” meaning it does not produce any carbon emissions â€” but also carbon-negative, meaning it absorbs ...",MSN,2025-04-01T08:17:00+00:00
A new carbon-negative method to produce essential amino acids,"Often referred to as ""the building blocks of life,"" they are ... it's the first time anyone has synthesized amino acids in a carbon-negative way using this type of biocatalyst,"" says lead ...",Phys.org,2024-11-25T17:07:00+00:00
"Carbon-negative construction: New method turns COâ‚‚ into strong, fire-resistant building materials","With building materials and construction responsible for around 11% of global carbon emissions, the study's new manufacturing method lays the groundwork for the possibility of carbon-negative ...",MSN,2025-03-22T09:40:00+00:00
Building sustainably in India and Germany,"a carbon-negative concrete alternative made from recycled crop residues and industrial waste. In Germany, researchers have created earth-based blocks using excavated soil, which offer better ...",dw,2025-04-16T00:00:00+00:00
Top Trends in Sustainable Real Estate Development,Using recycled and reclaimed materials in real estate development ... while enhancing property value over time. Sustainable real estate is reshaping the future. Developers now embrace renewable ...,SignalSCV,2025-04-24T00:00:00+00:00
Home builder unveils incredible 3D-printed house that comes with big cost savings: 'It absolutely is a game-changer',"""This is good stuff. It works."" Home builder unveils incredible 3D-printed house that comes with big cost savings: 'It absolutely is a game-changer' first appeared on The Cool Down.",The Cool Down,2025-05-18T05:00:00+00:00
A neglected area of Staten Island will get a fresh batch of new eco-friendly housing,Mayor Eric Adams announced the two developers taking charge of the 500-unit construction along the underutilized waterfront.,New York Post,2025-05-14T17:25:55+00:00
Real estate: How sustainable practices impact property prices - Decoded by Ridhira Group's Ritesh Mastipuram,"Sustainability focuses on eco-friendly building practices, energy efficiency and minimising environmental impact. Such projects or properties not only reduce carbon footprints, they also significantly lower utility costs and promote healthier living environments.",ET Now,2025-05-06T09:38:06+00:00
Why Sustainable Homes Should Matter to Youâ€”Especially on Earth Day,Sustainable living is no longer just a trendâ€”it is a priority for a growing number of homebuyers. Today's buyers are looking for homes that are not only eco-friendly but also technologically ...,SFGate,2025-04-25T00:00:00+00:00
Weyerhaeuser: Hold These Irreplaceable Real Estate Assets,"Weyerhaeuser, a leading timberland REIT, owns 10.5 million acres, excelling in sustainable forest management and wood product production. Read more on WY stock.",Seeking Alpha,2025-05-08T14:01:00+00:00
Living material made from fungus could make buildings more sustainable,One of the great challenges facing the world as we attempt to reduce waste and greenhouse gas emissions is finding more sustainable building materials ... mycelium scaffold using a species ...,New Scientist,2025-04-16T00:00:00+00:00
"The Greens Ghana secures EDGE certification, advancing sustainable real estate in West Africa","EDGE is a globally recognised green building standard that quantifies resource efficiency in energy, water, and materials ... sustainable innovation in residential real estate, The Greens is ...",MyJoyOnline,2025-04-15T00:27:00+00:00
ESG data initiative of the year: Carbon Risk Real Estate Monitor (CRREM),"Carbon Risk Real Estate Monitor (CRREM) secured the ESG data initiative ... In July, CRREM will be updating its pathways using 2020 as the baseline year. The initiative will also work on pathways for additional property-types and regions and continue ...",Environmental finance,2022-06-29T11:32:00+00:00
"Sustainability, clean energy were high priority at Westchester real estate conference","As New York continues on its mission to meet clean energy goals, the real estate industry in the Lower Hudson Valley is embracing new mindset.",The Journal News,2024-06-04T07:00:31+00:00
Traditional vs. Sustainable Building Materials,Mineral wool is a sustainable insulation made by heating ... Production requires lots of energy to extract raw materials; Repairing and patching pose difficulties in matching texture and color.,The Family Handyman,2024-10-15T14:22:00+00:00
"How Custom Patio Covers in San Antonio Are Leading the Shift Towards Smart, Sustainable Outdoor Living in 2025","sustainable wood decks, and heat-resistant patio roofs that align with modern ESG (Environmental, Social, and Governance) standards. Real estate experts also note that homes with high-end outdoor ...",DMR News (English),2025-02-26T04:01:00+00:00
Medcom's Eco-Friendly Public Transport Solutions Awarded at TRAKO 2019,"More than 700 exhibitors took part in the event, including Warsaw's Medcom, which received four awards and distinctions for innovation and its proprietary solutions supporting eco-friendly and sustainable public ... of our larger projects in this sector ...",Railway Technology,2025-05-10T08:36:00+00:00
Unsolicited proposals: Driving innovation and growth in public-private partnerships,"PPPs enable governments to tap into private sector resources, innovation, and technical expertise to finance, design, construct, operate, and maintain key infrastructure projects and public services, particularly where public funds are limited or unavailable.",BusinessWorld,2025-04-08T16:04:00+00:00
Lagos champions Eco-friendly Transport through EcoMove initiative,"The EcoMove Lagos initiative, he noted, aligns with key eco-friendly projects ... buses. These projects, under Public-Private Partnerships (PPP), are set to enhance the adoption of cleaner ...",MSN,2025-05-01T01:17:00+00:00
CDA preparing to launch electric tram service,"Islamabad's Capital Development Authority (CDA) is preparing to launch an electric tram service in the capital city, taking a major step toward modern, eco-friendly public transportation.",Daily Times,2025-05-04T05:02:00+00:00
Eco Commute,The launch of an electric bus service between Fatehjang and Islamabad marks a promising step towards modernising Pakistan's public transport infrastructure ... to eco-friendly mobility nationwide.,MSN,2025-04-02T22:15:00+00:00
SHREE TMT Steel Approved to Supply Telangana Government for All Public Projects | Best Steel in Hyderabad & Telangana,"GreenPro Certified Steel: SHREE TMT is GreenPro certified by CII, a mark of eco-friendly manufacturing ... and innovation in infrastructure development across Telangana. As an empanelled steel ...",MSN,2025-04-24T07:11:00+00:00
Latent heat thermal storage with PV for nearly zero-energy buildings,Researchers at Politecnico di Torino in Italy are testing how latent heat thermal storage (LHTS) could be used in combination with rooftop PV to achieve nearly zero-energy buildings (NZEB).,pv magazine International,2022-02-10T00:00:00+00:00
UNDP launches new energy efficiency project in Turkmenistan's construction sector,"UNDP has launched a project in Turkmenistan to improve energy efficiency in construction, funded by the Global Environment Facility (GEF). The project aims to reduce greenhouse gas emissions by showcasing near-zero energy buildings and improving building standards and regulations.",Trend News Agency,2025-04-30T14:16:00+00:00
Sustainable building materials company launches fire-retardant plywood,"affordable and climate-resilient construction. ""OnWood represents the future of building materials: fire retardant, strong, safe, affordable and sustainable,"" said Joel Kier, co-founder and ...",Woodworking Network,2025-04-23T14:05:00+00:00
Here's how buildings contribute to climate change - and what can be done about it,"The amount of building floor spaceÂ is expected to double by 2050, with many of the additions coming in developing and emerging economies. These homes, offices, warehouses and other structures are important,",Eco-Business,2025-05-12T05:02:00+00:00
ZS2 Technologies Scales First Domestic Production of Magnesium Cement Technology in North America,"ZS2 Technologies has announced the launch of its second-generation (Gen 2) magnesium cement building materials, backed by verified fire performance, patented low-carbon technology, and domestically sourced inputs.",Yahoo Finance,2025-05-15T14:08:00+00:00
"Climate resilience tools to hit USD 1.3 trillion by 2030, opening doors for private players: Report","The report adds that from the growing demand for stormwater drainage infrastructure and climate-resilient building materials to the rising adoption of abiotic stress protection in agriculture, India is witnessing the formation of distinct value pools.",MSN,2025-05-07T13:12:00+00:00
Private equity eyes up to US$1.3 trillion climate adaptation market by 2030,"While the public sector is expected to account for the bulk of adaptation funding, a new study by Temasek and BCG identifies six investable segments for private investors, from climate risk data providers to flood defense infrastructure.",Eco-Business,2001-01-01T00:00:00+00:00
Researchers develop sustainable strategy to manipulate interfacial heat transfer for eco-friendly cooling applications,"This approach has therefore generated wide interest among researchers due to its eco ... thermal transport across MOFs and other materials, but also holds great promise for enhancing the ...",MSN,2024-05-28T20:14:00+00:00
New microscope reveals heat flow in materials for green energy,Scientists have developed a new microscope that significantly improves the way heat flow in materials can be measured. This advancement could lead to better designs for electronic devices and energy systems.,Science Daily,2025-05-11T02:01:00+00:00
Automated microscope tracks directional heat flow in thermoelectric materials for green energy,Scientists have developed a new microscope that significantly improves the way heat flow in materials can be measured. This advancement could lead to better designs for electronic devices and energy systems.,Tech Xplore,2025-05-08T15:20:03+00:00
"Direct Thermal Inks & Coating Market Share Analysis 2025 Growth, Trends Analysis Report 2035 | FMI","With industries worldwide seeking to align with green practices and enhance the durability of printed materials, direct thermal inks and coatings are becoming crucial in various sectors, including packaging,",FMIBlog,2025-05-12T07:08:00+00:00
"New York Metro Gains Access to 50,000 Tons of Low-Carbon Cement","These materials can replace up to 25 percent of carbon-intensive portland cement in standard concrete mixes, with Eco Material's technologies allowing for up to 100 percent replacement in select ...",For Construction Pros,2025-05-13T00:00:00+00:00
"Japan Insulation Market Expected To Reach Us$ 5,514.5 Million By 2032, Driven By Growing Demand For Eco-Friendly, High-Performance Materials","Market Growth and Revenue Forecast: The Japan Thermal Insulation Materials market is expected to grow significantly, with revenue expected to increase from US$ 3,112.9 million in 2023 to US$ , at a CAGR of 6.56% from 2024 to 2032.",Taiwan News,2025-05-09T03:09:00+00:00
Global HVAC Insulation Market Poised for Strong Growth Amid Rising Demand for Energy Efficiency and Sustainability,"The United States HVAC insulation market is set to grow due to rising energy-efficient building projects and strict thermal performance regulations. The HVAC insulation market is driven by energy efficiency mandates and sustainable building trends,",Newseria BIZNES,2025-05-08T07:55:00+00:00
Lignacite launches carbon-cutting ECO Range to power sustainable construction,The new Lignacite ECO Range initially features concrete blocks made of 50% and 70% recycled materials - the Lignacite ECO 50 and Lignacite ECO 70.,Buildingtalk,2025-05-13T13:45:00+00:00
Eco-Friendly Lubricant Developed Using Modified g-C3N4 Enhances Efficiency and Sustainability,"Lubricants play a crucial role in reducing friction and wear between moving parts in machinery, enhancing operational efficiency, and extending equipment lifespan.",Devdiscourse,2025-05-09T14:39:00+00:00
High-performance 3D-printed graphene composites developed for efficient ice control,"This work provides a scalable strategy for fabricating high-performance materials for anti-/de-icing systems, according to the team. More information: Zihao Kang et al, Anisotropic thermal ...",Phys.org,2025-04-23T00:00:00+00:00
"Eco Material Opening Queens Terminal to Bring 50,000 Tons of Low Carbon Cement Replacement Products Into New York City Metro Annually","These materials can replace up to 25% of carbon-intensive portland cement in standard concrete mixes, with Eco Material's proprietary technologies allowing for up to 100% replacement in select ...",Yahoo Finance,2025-04-29T11:01:00+00:00
Brenmiller Energy Unveils Technology Roadmap 2030: Delivering 50% Performance Gains at Half the Cost for Thermal Energy Storage,"Next-generation bGen ONEâ„¢ technology delivers 50% performance increase through innovative ... establishing Brenmiller as an industry leader in thermal energy storage ""As the most experienced ...",Yahoo Finance,2025-04-23T08:30:00+00:00
"In extreme conditions, heat does not flow between materialsâ€”it bounces off","A new study published in Nature Communications shows, for the first time, how heat movesâ€”or rather, doesn'tâ€”between materials in a high-energy-density plasma state.",Phys.org,2025-05-02T14:49:49+00:00
New material may help us build Predator-style thermal vision specs,"To fix this, the MIT researchers developed a new ultra-thin material that can sense infrared radiation without any cooling and outperforms cooled detectors at the same time. And they want to use it to turn thermal vision goggles into thermal vision spectacles.",Ars Technica,2025-05-01T15:34:00+00:00
UAEU research studies to develop environmentally friendly thermal insulators from palm waste,"Some of the latest research studies in the United Arab Emirates University (UAEU) have focused on producing green thermal insulators and high-value products, by utilizing palm waste to provide sustainable,",Asian News International,2025-05-05T06:01:31+00:00
'RecyCoolers' could help reduce use of environmentally harmful Styrofoam packaging,Laws that target packaging materials make the new paper-fiber product an eco-friendly solution for shipping refrigerated products.,NBC News,2025-05-02T15:22:45+00:00
Thermore Launches Ecodown Fibers Sync: A New Frontier In Thermal Insulation Design,"MILAN â€” May 7, 2025 â€” Thermore, a producer of responsible thermal insulation, is proud to introduce Ecodown Fibers Sync â€” a groundbreaking free fiber inspired by the physics of stellar fusion. This new development represents the perfect balance between high performance, luxurious touch, and mindful design.",Textile World,2001-01-01T00:00:00+00:00
Inside the incredible $1billion cruise ship that turns trash into thermal energy and has ditched the beloved self-serve buffet to reduce waste,"Princess Cruises is certainly a front-runner in the eco-credentials race ... in volume by converting combustible materials, like paper and plastic, into thermal energy that can be used in other ...",MSN,2025-03-03T12:25:00+00:00
R2mc Deploys Eco Patch Technology at Sea,"The Eco Patch System acts as an autonomous torsional damper, converting mechanical, thermal and acoustic vibrations ... propulsion and materials - but vibration is the silent killer of ...",Marine Link,2025-04-24T00:00:00+00:00
HS Hyosung accelerates eco-friendly carbon fiber development using bio materials,"HS Hyosung Advanced Materials is accelerating the development of environmentally friendly high-performance carbon fiber ... as a global leader in the eco-friendly advanced materials industry.""",ì¡°ì„ ì¼ë³´,2025-04-21T11:22:00+00:00
Green Code submitted to Common Council for adoption,"The place-based economic development strategy intends to give Buffalo a blue print to follow when it comes to building a better Buffalo. ""The Buffalo Green Code is a significant accomplishment ...",Buffalo Rising,2015-10-23T00:00:00+00:00
Building Green,"The Building Green global dataset collects data on building energy codes ... highlighting disparities in adoption and enforcement, and offering actionable recommendations to bridge these gaps. Discover how tailored strategies can drive energy savings ...",World Bank,2024-10-05T12:16:00+00:00
Green Code: A Major Leap Forward for Buffalo,"By instituting standards for building design ... the Green Code consistently throughout the City. With the adoption of the Green Code, many existing properties will become nonconforming, further ...",Buffalo Rising,2014-10-30T00:00:00+00:00
Is the Secret to CA Housing Affordability Buried in the Building Code?,A bill in the California Legislature proposes freezing building standards for new housing until 2031 to address affordability concerns.,Times of San Diego,2025-05-17T14:28:41+00:00
Green office space inventory to touch 700 mn sq ft by 2027: Credai-Colliers,"In the residential segment, heightened green building adoption was indicated by over 2 million green-certified homes and 60+ certified townships (2024). Sustainable houses typically offer tangible ...",Hindustan Times,2025-04-18T19:55:00+00:00
The World's Largest Restaurant Company Believes That Building Green Can Help Save Green,"Habit Burger & Grill, headquartered in California, is committed to ensuring that all U.S.-based restaurants meet or exceed the California Green Building Standards Code, the first-in-the-nation mandatory green building standards code. Successful examples ...",CSR Wire,2025-05-13T00:00:00+00:00
Is the secret to housing affordability in California buried in the building code?,"As lawmakers scramble to turbocharge post-fire recovery efforts in Los Angeles and to tackle a housing shortage across the state, a new addition may be coming to California's building code: A pause button.",CalMatters,2025-05-16T20:33:00+00:00
Reward Carol Romero-Wirth's hard work: Approve update of green-building codes,"If it were not for City Councilor Carol Romero-Wirth, who has announced she's not running for reelection, Santa Fe's residential green-building codes would remain stuck at 2018 levels ...",The Santa Fe New Mexican,2025-04-19T00:00:00+00:00
Why The Circular Economy Is Failing And How It Can Actually Work,"This is expected to enforce accountability and secondary material adoption for sectors such as batteries, textiles, electronics and construction ... on circular trade shifts: â€¢ Engage in policy ...",Forbes,2025-04-18T11:30:00+00:00
Embracing Material Intelligence: How the Pacific Northwest is Promoting Timber Innovation,Discover how material intelligence transforms architecture with cross-laminated timber for sustainable urban development in the Pacific Northwest.,ArchDaily,2025-05-06T09:00:00+00:00
Report: Global economy becoming less circular despite increased recycling efforts,"Recycling alone cannot be used to create a truly circular global economy because material consumption is increasing so sharply, according to a landmark new report from Deloitte Global and Circle Economy.",edie,2025-05-14T06:49:00+00:00
Circular supply chain: Can robots really build a greener UAE?,"As sustainability takes centre stage, a quiet revolution is underway: robotics are powering a new era of circular supply chains. The construction sector in the UAE - and across the wider Middle East - is undergoing a transformation. With net-zero goals ...",Construction Week Online,2025-05-14T10:19:00+00:00
Holcim steps up call for greener construction practices in PHL,"Building solutions provider Holcim Philippines Inc. is set to deepen its commitment to sustainable construction in 2025 by continuing its push for low-carbon and circular construction materials. The company aims to build stronger ties with policy-makers,",BusinessMirror,2025-04-26T16:04:00+00:00
Digital Transformation for Circular Construction,"Each four-hour in-class session tackled one of the following technologies, all contextualized within circular construction: LiDAR scanning, photogrammetry, computer vision, robotics, computational design, 3D printing, blockchain technology, extended ...",ETH Zurich,2024-08-30T17:00:00+00:00
Oman recycled 2.4mln tonnes of construction waste in 2024,"To further support recycling, the EA is proposing that government and private infrastructure projects be required to source a portion of raw materials from recycled waste",ZAWYA,2025-05-15T08:04:00+00:00
ZS2 launches Gen 2 magnesium cement materials for climate-resilient construction,"ZS2 Technologies has announced the introduction of its second-generation (Gen 2) magnesium cement building materials, a step in scaling climate-resilient construction for North America.",GlobalData,2025-05-16T11:47:05+00:00
"New York Metro Gains Access to 50,000 Tons of Low-Carbon Cement","This new terminal will enable Eco Material to supply sustainable cement alternatives to the New York metro area, supporting the region's growing construction needs.",For Construction Pros,2025-05-14T14:43:00+00:00
Adaptavate raises funds to advance low-carbon construction technology,"Adaptavate, a company specialising in the development of low-carbon and carbon-negative construction materials, has successfully raised Â£2.7m ($3.6m) in a pre-Series A funding round. The round ...",MSN,2025-04-24T23:11:00+00:00
Leveraging digital technologies to build a low-carbon tomorrow,"With the world now at a climate crossroads, the need for scaling up the construction and operation ... to leverage digital power to achieve a low-carbon future for the entire world.",The Financial Times,2023-08-21T12:36:00+00:00
7 Strategies to Lower the CO2 Footprint of Concrete,"These include: By adopting a mix of proven methods and cutting-edge technologies, the construction industry can significantly lower its environmental impact. Adopting low-carbon concrete is ...",For Construction Pros,2024-10-07T00:00:00+00:00
Trade in Low Carbon Technologies: The Role of Climate and Trade Policies,Curbing carbon emissions to meet the targets set in the Paris Agreement requires the deployment of low carbon technologies (LCTs) at a global scale. This paper assesses the role of climate and trade policies in fostering LCT diffusion through trade.,International Monetary Fund,2024-03-29T00:00:00+00:00
Development of Low-Carbon Affordable Apartments in the Hot-Humid Climate of Indonesia towards Paris Agreement 2030,"achieving both goals is not easy. Targeting high- and medium-high-rise apartment housing, which is becoming more prevalent in Indonesia, this project develops low-carbon construction technologies suitable to hot-humid regions. It aims to have the ...",ç§‘å­¦æŠ€è¡“æŒ¯èˆˆæ©Ÿæ§‹,2021-01-11T17:17:00+00:00
New terminal serves New York City construction projects,"A new terminal to bring low-carbon cement alternatives to the New York City area, to be served by the New York & Atlantic Railroad, has opened in Queens, N.Y. The Blissville Rail Terminal, to be operated by Precision Terminal Logistics,",Trains,2025-04-30T23:15:00+00:00
Adaptavate secures Â£2.7 million in a pre-Series A round to accelerate global scale-up of low-carbon construction technology,The new funding will be used on 'Project Crystal'â€”Adaptavate's upcoming industrial demonstrator facility to accelerate the scale-up and global adoption of Adaptavate's low-carbon technology and ...,Yahoo Finance,2025-04-23T06:16:00+00:00
The Age of AI: How Construction Is Leveraging New Tech to Create a Safer Workplace,Everything from AI to wearables and the ubiquity of drone flights is changing construction to make it easier for everyone to go home at night.,Engineering News-Record,2025-05-11T21:21:00+00:00
Zoomlion Is Transforming Itself To Beyond Construction Equipment Into Providing A Full Low-Carbon Construction Ecosystem,In a highly competitive global construction equipment market ... push is its shift toward providing not just machinery but low-carbon system-level solutions. The company aims to become a strategic ...,IBTimes UK,2025-04-23T10:21:00+00:00
Procure Plus plans Â£1.8bn framework for low-carbon retrofit works,This story was written with AI assistance from Harmsworth Who is Harmsworth? Procure Plus has launched early market engagement on a framework to install,Construction News,2025-05-12T10:05:00+00:00
SigmaRoc collabs with Adaptavate to scale technology in construction,(Alliance News) - SigmaRoc PLC on Friday announced it has partnered with Adaptavate to scale low-carbon technology within the global construction industry. The London-based building materials ...,London South East,2025-04-25T08:59:00+00:00
ConTech Startup ZS2 Technologies Wins Top Prize for Clean Building Materials,"ZS2 Technologies develops and manufactures advanced building technologies including fire-rated, non-toxic, low-carbon cementitious ... are a thermally sustainable construction solution.",For Construction Pros,2021-03-21T23:59:00+00:00
NYSDOT secures $32m to promote use of low-carbon construction materials,"The New York State Department of Transportation (NYSDOT) has been awarded a $32m grant to promote the use of low-carbon materials in construction projects. The funding, provided by the US Federal ...",MSN,2025-04-02T03:03:00+00:00
KDOT awarded $32m to promote low-carbon construction materials,"The funds come as part of a $2 billion Biden-Harris project working to lower air pollution, specifically greenhouse gas emissions, through incentive funding for low-carbon construction materials ...",MSN,2024-11-27T19:04:00+00:00
"Build more housing sustainably to protect environment, climate","As a young person, I want to call attention to what citizens and local government are doing to build sustainable housing for our future. Resilience to extreme weather, energy-efficient design, heat pumps,",The Everett Herald,2025-05-08T08:30:00+00:00
Researchers publish critical analysis of review articles on energy-saving materials,Nazarbayev University's School of Engineering and Digital Sciences (NU SEDS) researchers have published a first-of-its-kind critical review of review articles on phase change materials (PCMs) for thermal energy storage in buildings.,Tech Xplore,2025-05-06T19:55:45+00:00
Bio-based Materials Collaborative Research,"Bio-based Materials Collaborative ... and prototypes at a 1:1 scale. The building industry extracts, consumes, and ultimately discards more than 3 billion tons of raw material annually. Conventional building materials are globally sourced, carbon-intensive ...",Pratt Institute,2025-04-23T14:19:00+00:00
A bio-based solution to quickly eliminate single-use plastics altogether,"the researchers have suggested that scientists follow specific targets when it comes to isolating and transforming bio-based building blocks into scalable packaging materials, set through ...",Nature,2024-02-14T08:17:00+00:00
Innocsr And Rango Engineering Solutions Sign Distribution Agreement To Accelerate Adoption Of Good Bricks In Nepal,"KATHMANDU, NEPAL, May 7, 2025 /EINPresswire / -- InnoCSR has signed a landmark distribution agreement with Rango Engineering Solutions to accelerate the adoption ... the Good Bricks Soil ...",Mena FN,2025-05-07T11:59:00+00:00
The company turning hard-to-recycle plastics into bricks,"A company is turning plastic trash into cheap, easy-to-assemble building materials. It's helping build schools in Ivory Coast and increasing pay for waste collectors. More from World Wide Waste A ...",Business Insider,2023-02-24T00:00:00+00:00
The Kenyan engineer building a sustainable future with recycled plastic bricks,"Some schools have already used the recycled plastic bricks to build pavements. ""We are happy with the product. These bricks don't crack,"" says Francis Veto, project manager at Mukuru Skills ...",Radio France Internationale,2025-05-03T09:41:00+00:00
Lego is making prototype bricks from recycled plastic bottles,Lego has revealed a prototype brick made from recycled plastic bottles in the company's latest bid to become more sustainable. Churning out brightly coloured chunks of plastic to entertain ...,Mashable,2021-06-23T00:00:00+00:00
"Vogue-Approved Startup MÃ¼ll.Club Recycles Over 1,500 Pounds Of Plastic Into Designer Homeware, Backed By Fortnum & Mason And Lush","In the U.K., only 17% of plastic is effectively recycled domestically, while the rest is exported or incinerated, as noted on the startup's website. MÃ¼ll.Club is challenging this model with ...",Yahoo Finance,2025-05-08T12:30:00+00:00
Can Angirus' Eco Bricks Replace Traditional Building Materials In India?,"Founded in 2020, the startup ... Angirus started using the plant to recycle the construction and demolition mix into recycled aggregates to be used in concrete, recycled bricks, and more.",inc42,2024-09-15T00:00:00+00:00
Brickago: Chicago teens donate recycled Lego sets to kids in need,"CHICAGO â€” Legos have been a childhood staple for more than 60 years, but for many families, those bricks are not within the budget. The glorious sound of rummaging through a bin of Legos is ...",WGN-TV,2025-04-23T22:07:00+00:00
"Out of the Nile, into tile: Young Egyptians battle plastic pollution by recycling waste into bricks","The sludge - made from all kinds of plastic, even single-use shopping bags - is then moulded into dark, compact bricks used as ... of the world's plastic is recycled, according to the ...",scmp.com,2023-01-20T22:00:00+00:00
Kenya: The Kenyan Engineer Building a Sustainable Future With Recycled Plastic Bricks,"Some schools have already used the recycled plastic bricks to build pavements. ""We are happy with the product. These bricks don't crack,"" says Francis Veto, project manager at Mukuru Skills ...",AllAfrica.com,2025-05-02T23:59:00+00:00
This company turned plastic waste into something stronger than concrete â€” here's how they did it,"Stronger than concrete, Circular11's recycled plastic bricks were revolutionary. Though the bricks are no longer in production (more on that later), they set a daring precedent that established a ...",MSN,2025-02-24T09:24:00+00:00
"Vogue-Approved Startup MÃ¼ll.Club Recycles Over 1,500 Pounds Of Plastic Into Designer Homeware, Backed By Fortnum & Mason And Lush","The brand, which caught the eye of Vogue and has collaborated with iconic names like Fortnum & Mason and Lush, is turning recycled plastic into coasters, combs, and soap dishes that now retail in museum shops and luxury retailers alike, according to CNBC.",Benzinga,2025-05-08T19:30:00+00:00
Plastic Recycling At Home Promises A Revolution In Local Plastic Production,"Typical plastic production, like injection molding, uses very large and expensive machines â€” so expensive that most of the time, companies don't want to risk using inferior recycled plastic ...",Hackaday,2014-02-07T19:51:00+00:00
"Op-ed: Yes, you can build sustainable buildings after tariffs","Homebuilders may not be thrilled with the tariffs, but there is some good news. Not only is sustainable construction still possible after the tariffs; sustainable construction is now, compared to traditional construction, even more cost-competitive than it had been before.",Crain's New York Business,2025-05-07T16:03:00+00:00
Construmat Showcases the Transformation of Construction Towards Sustainability,"Construmat returns as Spain's leading trade fair for the construction industry, expanding in number of companies, international presence and scale. It will showcase technologies, systems, and materials aimed at advancing more sustainable and efficient construction models.",Yahoo Finance,2025-05-14T08:00:00+00:00
Why Slag Cement is a Sustainable Option for Concrete Companies,"Jeff Sieg, company spokesman at Heidelberg Materials NA said, ""As more sustainable construction is gaining acceptance, we expect this plant to be even more critical to the market since using ...",For Construction Pros,2024-09-08T23:59:00+00:00
Lavaforming: Using volcanic eruptions for sustainable building materials,"Meanwhile, as an architect, she was also searching for construction materials that could make construction activities sustainable in ... and construction companies can't stop development ...",MSN,2025-01-11T22:24:00+00:00
Sustainable systems: How smart remote maintenance holds the key to a greener future for construction,Industrial construction maintenance is no longer just about preventing breakdowns; it has become a critical enabler of sustainability. Sustainable systems: How smart remote maintenance holds the key to a greener future for construction.,Construction Week Online,2025-05-10T07:33:00+00:00
ECC Contracting builds sustainable prototype home in Dubai using DesertBoard's PSB,"DesertBoard UAE, the region's pioneer in sustainable construction solutions, has announced the successful completion of a full-scale mock-up home in Dubai Creek Harbourâ€”built entirely from its proprietary PSBÂ® (Palm Strand Board) panels.",ZAWYA,2025-05-01T10:29:00+00:00
Sustainable Construction: Canada and Global Trends Decrypted by the 3rd Edition of the Saint-Gobain Barometer,"Saint-Gobain, global leader in light and sustainable construction, reveals the results of the third edition of its Sustainable Construction Barometer, a worldwide survey conducted in 27 countries amongst 4,",CSRWire,2025-05-07T12:17:00+00:00
Sustainable Construction: The Latest Architecture and News,"The decision to lift a building off the ground is a technical maneuver that requires substantial planning, expertise, and careful consideration. It is a deliberate architectural response to the ...",ArchDaily,2025-03-29T00:00:00+00:00
Construction Materials Prices Tame in April Despite Rising Iron and Steel Costs,"Natural gas prices were down 7.1%, while prices for unprocessed energy materials and crude petroleum were down 5.0% and 4.9%, respectively. ""Construction input prices declined in April, but that was largely due to falling energy prices,"" said ABC Chief ...",CONTRACTOR,2025-05-15T00:00:00+00:00
Sustainable construction,"boost the sustainable brick sector and will create employment for most vulnerable groups. With our integrated approach including building systems, materials, production technology and project management, TNO can help construction companies to optimize ...",TNO,2021-12-02T12:10:00+00:00
Wood Plastic Composite Market to Witness Robust Growth Fueled by Sustainable Construction and Automotive Demand,"WPCs, which combine the aesthetics of wood with the resilience of plastics, are gaining popularity due to their low maintenance, resistance to moisture and decay, and environmental advantages. Innovations in composite formulations and expanding applications in decking,",FMIBlog,2025-05-02T09:57:00+00:00
Sustainable building materials and circular construction,"As global urban development continues at pace, the need to use sustainable materials and building techniques in our cities increases. How is innovation helping the construction industry to reduce its impact on the environment?â€¦",Monocle,2024-04-30T07:57:00+00:00
Materials Companies Embrace Circular Economy to Reduce Extraction and Environmental Impacts,"In this latest quarterly review of corporate sustainability impacts risks and opportunities, the analyst finds that materials companies face ... which aims to secure sustainable supplies of ...",Yahoo Finance,2025-05-06T11:08:00+00:00
7 Strategies to Lower the CO2 Footprint of Concrete,"The construction industry is under increasing pressure to reduce its environmental footprint, and a significant focus has been placed on low-carbon concrete. Concrete is a vital material for ...",For Construction Pros,2024-10-07T00:00:00+00:00
Construction Voices: Exploring sustainable faÃ§ade finishes with Terraco,"He dives into global architectural trends, the increasing demand for green materials, and how Terraco's Harmonious Inspiration collection is inspiring architects and designers worldwide. He also shares insights on how the company engages with key ...",Construction Week Online,2025-03-26T08:54:00+00:00
How biotechnology could drive a new generation of sustainable materials,Experts say innovations could help to turn the tide in managing the impacts of synthetic materials on the planet. Innovative science companies ... using a process that is often quite sustainable ...,The Financial Times,2024-08-09T16:44:00+00:00
Building With Resilience Makes Case for Non-Combustible Building Materials as California Rebuilds from Wildfires,"Non-combustible construction materials achieve climate, clean air, and water goals while strengthening communities against natural disasters.",Yahoo Finance UK,2025-05-12T22:25:00+00:00
Building sustainably in India and Germany,"Two companies ... using excavated soil, which offer better performance than traditional earth materials but remain a niche. Both innovations face higher costs compared to conventional construction ...",dw,2025-04-16T00:00:00+00:00
Using alkali-activated materials to develop sustainable construction materials,"Alkali-activated materials (AAMs) are an important part of the 'future toolkit' of sustainable construction materials. AAMs can be made using fly ash and slag, which are byproducts of power generation and steel production, via alkali activation.",University of Sheffield,2021-05-03T20:52:00+00:00
The transition to sustainable construction,"Construction ... materials used, as well as the heating, cooling and lighting of buildings and infrastructure. Sustainability is not just a matter of corporate responsibility, but it is good for business - and many companies are investing heavily in ...",World Finance,2022-02-09T05:00:00+00:00
SRP's new construction program encourages sustainability and cost savings,"Booming development throughout Phoenix makes having a partnership that encourages sustainability and lowering costs a major advantage for construction companies. Knowing this, Salt River Project (SRP) created the New Construction Solutions Program to ensure project teams have the support needed to complete energy-efficient,",The Business Journals,2025-05-16T20:55:00+00:00
Saint-Gobain 2025 Sustainable Construction Barometer Report,"At the crossroads of demographic, social, energy, and climate challenges faced by societies, the construction sector must accelerate its transformation towards a more sustainable model. This transition cannot happen without the collective commitment of all industry stakeholders.",CSRWire,2025-05-02T12:42:00+00:00
Beyond bricks and mortar: How SA's construction industry can prioritise going green,"companies such as GVK-Siya Zama are proving that sustainable construction is not just possible - it's the future. By incorporating innovative building techniques, strategic waste management, and sustainable materials into its projects, GVK-Siya Zama is ...",MSN,2025-04-25T00:17:00+00:00
"New York Metro Gains Access to 50,000 Tons of Low-Carbon Cement",to efficiently deliver fly ash and sustainable cementitious materials to one of the nation's largest construction markets. These materials can replace up to 25 percent of carbon-intensive portland ...,For Construction Pros,2025-05-13T00:00:00+00:00
"This sustainable solution could make housing cheaper, more environmentally friendly","So, there's so many applications for those materials ... with companies on 3D printing projects. Another company, Miami-based Renco USA, is also building sustainable housing but it's using ...",MSN,2025-04-23T15:34:00+00:00
Pomerleau is an industry leader in sustainable change,"This is why he is grateful to work for Pomerleau Inc., a MontrÃ©al-headquartered construction company ... like designing and constructing sustainable projects, ensuring waste materials are sorted and recycled properly, using eco-friendly and locally ...",The Globe and Mail,2025-04-22T00:00:00+00:00
Why 3D printing could make housing cheaper and more sustainable,"The building and construction ... collaborate with companies on 3D printing projects. Another company, Miami-based Renco USA, is also building sustainable housing but it's using interlocking ...",ABC News,2025-04-23T08:21:00+00:00
Engineers unveil disaster-ready home built with futuristic 3D-printing technology: 'The first of its kind',"""Traditional methods were just way out of my budget."" Engineers unveil disaster-ready home built with futuristic 3D-printing technology: 'The first of its kind' first appeared on The Cool Down.",The Cool Down,2025-04-26T05:00:00+00:00
"Aerial robots offer safer, more sustainable construction methods","The research examines the emerging field of using drones ... Federal Laboratories for Materials, Science and Technologyâ€”which provides a platform on which flying construction machines can ...",MSN,2025-04-24T12:54:00+00:00
XCMG Machinery Publishes 2024 ESG Report: Pioneering Sustainable Innovation in Global Construction Machinery Industry Development,"""In 2024, we achieved more stable operational quality and improved profitability, vigorously advanced sustainable practices and new energy product development, strengthened our technological ...",Yahoo Finance,2025-05-14T04:21:00+00:00
"Double Vacuum Glass Market Is Projected To Reach USD 2,902 Million By 2035, Expanding At A 7.5% CAGR.",Double Vacuum Glass Market The double vacuum glass market is expanding due to the construction industry's use of advanced materials and ins,MENAFN,2025-05-05T08:57:00+00:00
Exploring Off-Grid Earthship Homes : Ultimate Efficiency?,"Exploring Off-Grid Earthship Homes - Ultimate Efficiency? Renewable energy and electric vehicles are part of achieving net-zero living. Earthships combine eco-friendly building materials, energy efficiency,",Undecided with Matt Ferrell,2025-05-11T16:00:00+00:00
Earthship Houses Take Flight as Homeowners Seek Off-Grid Living Within Exotic Architecture,"When Brian and Jess Johnson drove to Taos, New Mexico, for a getaway weekend from Colorado in 2016, they had no inkling the trip would change their lives and their notions of a dream house in a ...",Mansion Global,2025-04-14T13:08:00+00:00
An Earthship Just Landed on the Market in Taos for $290K,"This funky New Mexico earthship home is powered by the sun and embedded in the land with curvaceous walls and lots of gardening spaceâ€”inside and out. From the Agent: ""Here's a special ...",Yahoo,2025-04-25T17:47:00+00:00
Only earthship in California is on the real estate market. See the half-buried home,"Reynolds is the father of the unique build and design of the homes, which are usually built with ""natural and recycled materials with energy conservation in mind,"" Earthship Biotecture says.",Fort Worth Star-Telegram,2025-04-01T11:59:00+00:00
Healthy Homes Te Timatanga Earthship New Zealand Documentary,Nestled into a hillside in Waikato New Zealand this Earthship home is an incredibly ... built this home out of as many recycled and found materials as possible including tires seashells and ...,Moviefone,2021-12-17T12:20:00+00:00
Earthship rentals blend sustainable living with luxury for an eco-friendly getaway,"Luckily, Earthship homes are available to rent ... Earthships are passive solar homes constructed out of natural and upcycled materials. Yesterday's tin cans are today's bricks, tightly ...",MSN,2024-12-16T15:22:00+00:00
An Earthship Just Landed on the Market in Taos for $290K,Read more about earthship homes on Dwell. See the full story on Dwell.com: An Earthship Just Landed on the Market in Taos for $290K Related stories:,MSN,2025-04-25T18:02:00+00:00
How To Hibernate: Get Off The Grid In An Earthship,"The other three walls of an Earthship are buried beneath the ground and are 6 feet thick, using natural materials such as ... two-bath homes can get there. ""We need to address this as a product ...",The Weather Channel,2025-02-18T18:19:00+00:00
"$2.5M Canoga Park 'Earthship' house is built to heat, cool naturally",Show Caption1 of 7The kitchen. (Photo by Engel Studios) Expand A two-story Canoga Park home designed to naturally heat and cool itself is on the market for $2.5 million. Known as an Earthship ...,MSN,2025-04-23T22:37:00+00:00
"$30 Wind Turbine at Earthship, Taos - OpenSourceLowTech.org",Installing a $30 wind turbine at the Earthship community in Taos#earthship#windpower#lowtechinstallation Trump Nominee Raises 'Serious Questions' for 'Concerned' Republican Senator How to hard ...,MSN,2025-05-02T00:00:00+00:00
Stunning off-grid home is redefining high-end living: 'A visual masterpiece',"""Advanced water reuse systems, smart home technologies, and durable materials ... luxurious off-grid homes are regularly going on the market, like a recent listing for an Earthship-style home ...",MSN,2025-03-05T17:04:00+00:00
Finding Sustainable Alternatives to Traditional Building Materials,"Finding more sustainable alternatives ... products that promote economic growth and resilience, particularly in underserved communities. Kililo is the co-founder and CEO of MycoTile, a company that offers alternative building materials in Kenya.",technologynetworks,2025-05-10T00:00:00+00:00
Sustainable building materials mean a greener future,They are capable of tracking your browser across other sites and building up a profile of your interests. This may impact the content and messages you see on other websites you visit. If you do ...,MSN,2024-09-19T09:59:00+00:00
"Op-ed: Yes, you can build sustainable buildings after tariffs","Lost in the market gyrations of the pause of ""reciprocal"" tariffs is that we still have universal 10% tariffs on goods coming into the U.S. Import taxes are going to hit the construction ...",Crain's New York,2025-05-07T12:03:00+00:00
Sustainable Building Materials Lab,"The Sustainable Building Materials Laboratory (SBML) is used for the research of myriad building products and materials that make up, shape, impact, and determine the physical/built environment. Research focuses on both existing materials - especially ...",Rochester Institute of Technology,2022-09-08T22:42:00+00:00
Sustainable building materials company launches fire-retardant plywood,"AUGUSTA, Ga. â€” T2Earth, a sustainable building materials company, announces the launch of OnWood Plywood, an eco-friendly fire-retardant treated wood (FRTW). Made without toxic chemicals ...",Woodworking Network,2025-04-23T14:05:00+00:00
7 Strategies to Lower the CO2 Footprint of Concrete,"As both public and private sectors push for more sustainable building solutions ... As the awareness about low-impact building materials continues to grow, low-carbon concrete will play a pivotal ...",For Construction Pros,2024-10-07T00:00:00+00:00
The forest byproduct lignin can play a key role in new sustainable materials,"Lignin, a by-product of the forest industry, can be used to produce sustainable materials that can replace traditional plastics. This has been revealed in a research project at the University of BorÃ¥s in Sweden.",Phys.org,2025-05-09T14:28:25+00:00
Building sustainably in India and Germany,Producing concrete is damaging to the environment. Two companies in Germany and India are working on sustainable building materials. DW met with two young entrepreneurs to explore what makes their ...,dw,2025-04-16T00:00:00+00:00
Living material made from fungus could make buildings more sustainable,One of the great challenges facing the world as we attempt to reduce waste and greenhouse gas emissions is finding more sustainable building materials. The manufacture of concrete alone accounts ...,MSN,2025-04-16T16:12:00+00:00
Why Slag Cement is a Sustainable Option for Concrete Companies,"Just by using slag cement in your concrete mix, you are making far less of an environmental impact and promoting ... at Heidelberg Materials NA said, ""As more sustainable construction is gaining ...",For Construction Pros,2024-09-08T23:59:00+00:00
The green subsidies on the chopping block under Trump â€” and the ones that could be saved,"The question is: which green credits could be on the chopping ... energy ever,"" one that only works if developers receive subsidies for construction and operation. ""We're gonna try and have ...",Washington Examiner,2025-01-12T13:06:00+00:00
Ditch the Subsidies: Full Expensing Is the Smarter Path for Energy Abundance,"Despite their heavy fiscal burden, green energy advocates and their allies continue to promote tax credits as the solution",The Institute for Energy Research,2025-05-15T18:35:00+00:00
GOP Eyes Repealing Biden's Green Subsidies To Fund Trump's Tax Cuts,"That price tag is a sharp contrast to the original Congressional Budget Office (CBO) estimate, which put the IRA's green subsidies costs at $370 billion over 10 years. ""Repealing two of the ...",Financial Advisor,2025-05-12T00:00:00+00:00
GOP begins marathon debate on Energy and Commerce portion of Trump tax bill,"In a marathon hearing that began Tuesday afternoon, the House Energy and Commerce Committee started marking up legislation to slash green subsidies authorized by the landmark climate bill signed by former President Joe Biden.",Washington Examiner,2025-05-14T00:45:42+00:00
STEVE MILLOY: Congress Must Repeal All Green New Scam Subsidies,"While it's often difficult, if not dangerous, to get in between politicians and their subsidies, the Biden administration made it especially so with the sheer amount of Green New Scam spending.",IJR,2025-05-04T10:04:00+00:00
Opinion - Scrapping these green energy subsidies could save the Inflation Reduction Act,Repealing the green energy tax subsidies expanded or introduced in the Inflation Reduction Act is an appealing option. We at the Tax Foundation estimated repealing all of these tax breaks would ...,AOL,2025-04-03T00:00:00+00:00
17 US states sues against the federal government's charging subsidy stop,Legal resistance has formed in the USA against the Trump administration's freeze on the nationwide allocation of new funding for charging infrastructure.,electrive.com,2025-05-08T21:08:00+00:00
Ontario set to begin construction of Canada's 1st mini nuclear power plant,"Premier Doug Ford's government has given Ontario Power Generation the green light to start construction on Canada's first small modular reactor, a new nuclear technology to be built next door to the Darlington power plant.",CBC.ca,2025-05-08T22:32:00+00:00
Trump's tax overhaul hits GOP turbulence over Biden-era green incentives,"The anti-IRA Republicans, however, said in their letter that the U.S.' growing green energy sector was the product of government handouts rather than genuine sustainable growth. ""Leaving IRA subsidies intact will actively undermine America's return to ...",MSN,2025-05-01T14:06:00+00:00
"Biden green energy project halted by Trump admin relied on rushed, bad science, study finds",New studies have found that a massive Biden administration green energy project was rushed and relied on faulty science that could have resulted in severe negative environmental impacts.,Fox News,2025-04-21T09:00:40+00:00
Opinion: Scrapping these green energy subsidies could save the Inflation Reduction Act,Repealing the green energy tax subsidies expanded or introduced in the Inflation Reduction Act is an appealing option. We at the Tax Foundation estimated repealing all of these tax breaks would ...,MSN,2025-04-21T03:10:00+00:00
"Ohio lawmakers pass sweeping energy reform bill to encourage new power plants, end coal and solar subsidies","Ohio lawmakers gave final approval Wednesday to a sweeping energy bill that backers say is the state's answer to a looming energy demand crisis. House Bill 15 would, among other things, increase oversight over what electric utilities charge customers,",cleveland.com,2025-04-30T19:49:00+00:00
How A Community-Focused Vision For Net Zero Can Revive Local Economies,"Across the world, the transition to a green economy is under threat. Growing antipathy towards the costs of tackling climate change, stoked especiall",Phys.org,2025-05-06T17:10:00+00:00
Inhabited Landscapes: 20 Cultural and Community Centers in Rural Areas,"You'll now receive updates based on what you follow! Personalize your stream and start following your favorite authors, offices and users.",ArchDaily,2025-05-07T11:30:00+00:00
Local projects funding still holding up $7 billion budget talks. What to know,"Frankly, these are economic development tools to help grow your community ... chastised lawmakers for using the state budget as a part of negotiations for the local projects bill.",Yahoo,2025-05-14T14:52:00+00:00
Forest-to-Frame: LEVER Architecture on Regenerative Design and Material Sourcing,Discover how LEVER Architecture's forest-to-frame model redefines sustainable design and promotes environmental restoration in communities.,ArchDaily,2025-05-12T11:31:00+00:00
"Sustainability, revisited: Emerging trends shaping design with Cosentino","Sustainable design has evolved from niche to norm, with innovation now driving change. Cosentino's trend report explores emerging priorities in materials, styles, and circularity, highlighting how architects and designers are redefining sustainability through creativity,",Architecture & Design,2025-05-09T01:36:00+00:00
Saint-Gobain North America Announces 2025 Winners of United States National Round of 'Architecture Student Contest',"Saint-Gobain North America, through its building materials subsidiary CertainTeed, held the United States National round of theÂ Saint-Gobain Architecture Student Contest, awarding Alexander Davidson Caroll,",CSRWire,2025-05-13T14:18:00+00:00
Sustainable innovations usher in the future of architecture: how modern technology is revolutionizing construction,"This combination of innovative materials and smart tech solutions results in increased energy efficiency of buildings, a critical aspect in green construction. Currently, architecture is operating ...",essanews.com,2024-01-10T18:27:00+00:00
Education for Sustainable Development in Brazil,"With this, UNESCO develops pedagogical materials, courses, educational instruments and publications to promote Education for Sustainable Development training for managers, teachers and students in schools and teaching networks. Children and young people ...",UNESCO,2025-05-13T00:00:00+00:00
Sustainable building materials company launches fire-retardant plywood,"T2Earth, a sustainable building materials company ... communities-based initiative to unite professionals across architecture, real estate development, construction, community leadership and ...",Woodworking Network,2025-04-23T14:05:00+00:00
Core curriculum topic: Sustainable architecture,"To help you gain the skills you need to practise architecture now and in the future as a RIBA Chartered Member, we have defined 10 mandatory core curriculum topics to address through CPD. The topic Sustainable architecture covers the legal and regulatory ...",RIBA,2024-08-25T09:43:00+00:00
"Sustainable Water Innovations in Materials - Mentoring, Education and Research (SWIMMER)","The SWIMMER NRT will spearhead careers that research, innovate, manufacture, and manage sustainable materials and chemicals aimed to protect water resources over their entire life cycle. SWIMMER scholars will conduct convergent research across three ...",UMass Lowell,2023-10-02T21:23:00+00:00
UNESCO-Japan Prize on Education for Sustainable Development,"The UNESCO-Japan Prize on Education for sustainable development, funded by the Government of Japan, consists of three annual awards of USD 50,000 for each recipient. It was awarded for the first time by the Director-General of UNESCO in November 2015.",UNESCO,2025-05-16T00:00:00+00:00
Bamboo: The Latest Architecture and News,"Executing these seemingly small elements is crucial in shaping how architecture ... potential for sustainable, aesthetically pleasing, and functional designs. Bamboo U is an education enterprise ...",ArchDaily,2025-04-20T00:00:00+00:00
"Innovation funds support advances in AI, bioengineering, materials science, more","Princeton Engineering Innovation Research Grants support bold new ideas tackling critical problems like antibiotic resistance. Funds come from the University's own resources, including Princeton's endowment and alumni support of initiatives in engineering.",Princeton University,2025-05-09T21:53:00+00:00
"Sustainable Workspaces, County Hall",Material Works Architecture has designed the interiors of Sustainable Workspaces at County ... pioneering innovative materials and cradle-to-cradle life cycles. The project celebrates the site's ...,Dezeen,2024-10-10T09:02:00+00:00
Purdue researchers study spiral honeycombs for sustainable manufacturing insights,Australian stingless bees' honeycombs inspire sustainable engineering methods. Researchers study their complex architecture for future applications.,WISH-TV,2025-05-09T00:25:57+00:00
Assistant Professor (Tenure Track) of Sustainable Materials Technology*,"She/he will have an outstanding research record in materials science and engineering with a strong focus on the design, synthesis, processing, and applications of sustainable materials ... level to the macroscopic architecture. Sustainability principles ...",ETH Zurich,2025-02-20T05:54:00+00:00
Frank Lloyd Wright and the Principles of Organic Architecture,Organic architecture involves a respect for the properties of the materialsâ€”you don't twist steel into a flowerâ€”and a respect for the harmonious relationship between the form/design and the ...,PBS,2024-12-07T13:32:00+00:00
4 amazing buildings by Malaysian pioneer of sustainable architecture,"This week, our prominent Malaysian architects series proudly features Datuk Dr Ken Yeang, globally known as one of the founding fathers of sustainable architecture. Years before sustainability ...",The Star,2024-10-03T11:00:00+00:00
How biotechnology could drive a new generation of sustainable materials,"Amid concern over the impact of chemicals on people and the planet, developments in biotechnology are enabling the use of safer and more sustainable materials. Experts say innovations could help ...",The Financial Times,2024-08-09T16:44:00+00:00
IFF and Kemira Form Joint Venture To Produce Sustainable Biobased Materials at Scale,"enabling us to scale the production of groundbreaking biobased materials to meet the large and growing demand for high-performing and sustainable alternatives to fossil-derived polymers,"" said ...",Business Wire,2025-03-27T02:00:00+00:00
Assistenzprofessur (Tenure Track) fÃ¼r Sustainable Materials Technology,"She/he will have an outstanding research record in materials science and engineering with a strong focus on the design, synthesis, processing, and applications of sustainable materials ... level to the macroscopic architecture. Sustainability principles ...",ETH Zurich,2025-02-17T11:37:00+00:00
A More Sustainable Philly Starts in â€¦ Costa Rican Cloud Forests?,"Ng recently traveled to Monteverde, Costa Rica with an interdisciplinary research team to test whether new materials could ... University is using sustainable architecture to benefit the ...",Philadelphia Mag,2020-03-22T13:04:00+00:00
sustainable materials,This Smokin' New Scooter Is Made With Hemp This innovative scooter made out of hemp and other sustainable materials trumps your sea foam green Vespa. Could You Build A House Using Only Local ...,Fast Company,2024-04-27T08:30:00+00:00
How R&D credits can support sustainable solutions,"The pace at which the sector is evolving has required adaptation and innovation by businesses to find more sustainable solutions. Yet more must be done and there is lots of ongoing research to reduce build time, and increase the use of recycled materials ...",RIBA,2024-02-04T06:29:00+00:00
Architecture Anew,"Welcome to Architecture Anew, a RIBA + VitrA season of talks bringing people together to discuss new ideas about the role of architecture in designing a more sustainable future ... about experimentation with natural materials, strengthening local economies ...",RIBA,2021-03-03T09:36:00+00:00
RIBA Scott Brownrigg Award for Sustainable Development,"Launched in 2022 as a collaboration between RIBA and Scott Brownrigg, the RIBA Scott Brownrigg Award for Sustainable Development funds ... obtained a professional qualification in architecture in higher education institutions that offer courses validated ...",RIBA,2024-09-10T06:16:00+00:00
Architecture Online Master of Architecture,"Sustainable architecture is a vital component in planning the communities of tomorrow: It requires less land development, uses environmentally friendly materials ... can be confirmed through the World Higher Education Database (WHED).",Rochester Institute of Technology,2022-01-24T14:07:00+00:00
Nonprofit offers training program for 'green' building industry,"FREEPORT â€” passivhausMAINE is launching a new Pre-Apprenticeship Program, a six-month training initiative ... and explore career paths in green building. The program will run from May 14 through ...",Sun Journal,2025-04-24T00:00:00+00:00
First of its Kind: Green Building Certificate Program,"As climate change becomes more and more of a problem, industry is going to have to pivot towards ecologically sound building trends ... to offer courses and training in Green Heating and Cooling ...",Buffalo Rising,2020-12-18T00:01:00+00:00
Pace of Green Job Growth in New York City Is Slow,"According to a spokesperson, 60 percent of graduates from their green training programs find job placements. The CoolRoofs program in particular, which employs trainees to paint city building ...",Inside Climate News,2025-04-22T00:00:00+00:00
Join Columbia Green Technologies at the Seattle Building Enclosure Council 2025 Symposium,"Join Columbia Green Technologies team at the upcoming Seattle Building Enclosure Council 2025 Symposium, May 13, 2025.",Greenroofs.com,2025-05-06T20:19:00+00:00
