Iron-fortified lumber could be a greener alternative to steel beams,https://newatlas.com/materials/iron-fortified-wood/,New Atlas,2025-04-29T17:28:00+00:00,General Alternative Construction Materials
Fungus-based material could offer a sustainable concrete alternative,https://newatlas.com/materials/fungus-material-sustainable-concrete-alternative/,New Atlas,2025-04-21T15:07:00+00:00,General Alternative Construction Materials
Engineers invented an ultra-hard concrete alternative made of fungus and bacteria,https://bgr.com/science/engineers-invented-an-ultra-hard-concrete-alternative-made-of-fungus-and-bacteria/,BGR,2025-04-27T19:10:00+00:00,General Alternative Construction Materials
AI construction procurement platform Field Materials raises $10.5m,https://www.msn.com/en-us/money/other/ai-construction-procurement-platform-field-materials-raises-10-5m/ar-AA1E0j1t,World Construction Network,2025-05-01T11:41:42+00:00,General Alternative Construction Materials
Scientists debut innovative technology to transform seawater into next-gen building materials: 'We can fully control their properties',https://www.msn.com/en-us/money/other/scientists-debut-innovative-technology-to-transform-seawater-into-next-gen-building-materials-we-can-fully-control-their-properties/ar-AA1D0FE9,MSN,2025-04-16T05:52:00+00:00,General Alternative Construction Materials
Sustainable building materials company launches fire-retardant plywood,https://www.woodworkingnetwork.com/news/woodworking-industry-news/sustainable-building-materials-company-launches-fire-retardant,Woodworking Network,2025-04-23T09:05:00+00:00,General Alternative Construction Materials
NYSA Industry Updates - AlterNATIVE Construction,https://www.architecture.com/whats-on/nysa-industry-update-april-2025,RIBA,2025-04-01T16:30:00+00:00,General Alternative Construction Materials
NTU Singapore scientists create 'fungi tiles' with elephant skin texture to cool buildings,https://www.eurekalert.org/news-releases/1079105,EurekAlert!,2025-04-02T13:41:00+00:00,General Alternative Construction Materials
"Transformative $40 Million Soil Remediation Facility Launches in Philadelphia, Redefining Construction Waste Recovery",https://www.manilatimes.net/2025/05/03/tmt-newswire/globenewswire/transformative-40-million-soil-remediation-facility-launches-in-philadelphia-redefining-construction-waste-recovery/2104884,The Manila Times,2025-05-02T16:41:00+00:00,General Alternative Construction Materials
Trailblazers DC Constructions NQ lead the way with alternative construction approach,https://www.adelaidenow.com.au/news/trailblazers-dc-constructions-nq-lead-the-way-with-alternative-construction-approach/news-story/1f559945a5c1324de26b565629c09bcf,Adelaide Now,2025-04-10T00:01:00+00:00,General Alternative Construction Materials
NTU Singapore Scientists Create 'Fungi Tiles' With Elephant Skin Texture To Cool Buildings,https://www.scoop.co.nz/stories/SC2504/S00014/ntu-singapore-scientists-create-fungi-tiles-with-elephant-skin-texture-to-cool-buildings.htm,Scoop,2025-04-05T12:41:00+00:00,General Alternative Construction Materials
Eco-voxels: Researchers pioneer reconfigurable building blocks for Earth and off-world construction,https://www.msn.com/en-us/news/technology/eco-voxels-researchers-pioneer-reconfigurable-building-blocks-for-earth-and-off-world-construction/ar-AA1DbCmB,Tech Xplore,2025-04-18T15:40:45+00:00,General Alternative Construction Materials
Engineered Biomaterial with Living Cells Offers Sustainable Construction Potential,https://www.msn.com/en-gb/science/biology/engineered-biomaterial-with-living-cells-offers-sustainable-construction-potential/ar-AA1D6uY5,MSN,2025-04-17T12:45:00+00:00,General Alternative Construction Materials
Pores for thought: Weighing the environmental costs of carbon capture materials,https://www.msn.com/en-us/weather/topstories/pores-for-thought-weighing-the-environmental-costs-of-carbon-capture-materials/ar-AA1DRGYJ,Tech Xplore,2025-04-29T19:33:50+00:00,Life Cycle Assessment of Alternative Construction Materials
Bamboo: The Latest Architecture and News,https://www.archdaily.com/tag/bamboo,ArchDaily,2024-04-10T00:00:00+00:00,Potential of Bamboo as a Structural Construction Material
"Scientists make transparent, fireproof glass-like material out of bamboo",https://www.msn.com/en-us/news/technology/scientists-make-transparent-fireproof-glass-like-material-out-of-bamboo/ar-BB1mojw8,ZME Science,2024-05-14T21:45:00+00:00,Potential of Bamboo as a Structural Construction Material
Greener future for construction takes root at Brock,https://brocku.ca/brock-news/2025/04/greener-future-for-construction-takes-root-at-brock/,Brock University,2025-04-21T20:58:00+00:00,Potential of Bamboo as a Structural Construction Material
Bamboo Society of Australia summit to promote structural engineered bamboo,https://www.architectureanddesign.com.au/editorial/industry-news/bamboo-society-of-australia-hosts-the-next-frontier-summit-25,Architecture & Design,2025-04-24T01:16:00+00:00,Potential of Bamboo as a Structural Construction Material
Recycled Concrete Powder Offers Viable Low-Carbon Alternative for 3D Printed Cement Mixes,https://www.msn.com/en-gb/lifestyle/lifestylegeneral/recycled-concrete-powder-offers-viable-low-carbon-alternative-for-3d-printed-cement-mixes/ar-AA1DwhaU,AZoBuild,2025-04-24T08:27:00+00:00,Applications of Concrete Mixed with Recycled Materials
Recycled Construction Materials - ECOCycle®,https://www.archdaily.com/catalog/us/products/33248/recycled-construction-materials-ecocycle-holcim,ArchDaily,2024-03-04T03:32:00+00:00,Applications of Concrete Mixed with Recycled Materials
"Recycled Plastics in Construction: What Works, What Doesn't, and What's Next",https://www.azobuild.com/article.aspx?ArticleID=8733,AZoBuild,2025-04-22T11:49:00+00:00,Applications of Concrete Mixed with Recycled Materials
New Study Explores Sustainable Cement Mortar with Recycled Plastic and Silica Aerogel for Improved Insulation,https://www.msn.com/en-gb/money/technology/new-study-explores-sustainable-cement-mortar-with-recycled-plastic-and-silica-aerogel-for-improved-insulation/ar-AA1Ahmjl,AZoBuild,2025-03-05T08:54:00+00:00,Applications of Concrete Mixed with Recycled Materials
Subsea Thermal Insulation Materials Market worth $316.6 million in 2030 - Exclusive Report by MarketsandMarkets™,https://finance.yahoo.com/news/subsea-thermal-insulation-materials-market-104000867.html,Yahoo Finance,2025-04-29T03:40:00+00:00,Thermal Insulation from Natural Materials
Nature-inspired ceramic fiber aerogels advance thermal insulation,https://www.msn.com/en-us/science/aeronautics/nature-inspired-ceramic-fiber-aerogels-advance-thermal-insulation/ar-AA1ARmsG,MSN,2025-03-13T16:37:00+00:00,Thermal Insulation from Natural Materials
Advanced aerogel composite developed for extreme thermal environments,https://www.msn.com/en-us/news/technology/advanced-aerogel-composite-developed-for-extreme-thermal-environments/ar-AA1DVtc9,Phys.org,2025-04-30T14:02:03+00:00,Thermal Insulation from Natural Materials
Silane treatment enhances biodegradable thermal insulator,https://www.nature.com/articles/d42473-022-00473-8,Nature,2022-11-30T06:18:00+00:00,Thermal Insulation from Natural Materials
Choosing the Right Material for Long-Term Insulation,https://www.littlegatepublishing.com/2025/04/choosing-the-right-material-for-long-term-insulation/,Littlegate Publishing,2025-04-28T08:00:00+00:00,Thermal Insulation from Natural Materials
Innovative mortar blend uses recycled plastic to enhance insulation and cut waste,https://www.msn.com/en-us/news/technology/innovative-mortar-blend-uses-recycled-plastic-to-enhance-insulation-and-cut-waste/ar-AA1zjeld,Tech Xplore,2025-02-18T21:08:00+00:00,Thermal Insulation from Natural Materials
Facade cladding: Much more than aesthetics,https://www.architectureanddesign.com.au/editorial/product-news/why-you-should-choose-thermowood-for-your-facade-cladding,Architecture & Design,2025-04-29T03:05:00+00:00,Thermal Insulation from Natural Materials
"Electrical Insulation Materials Market to Double by 2034, Reaching USD 22.53 Billion Amid Rising Energy and EV Demand",https://www.fmiblog.com/2025/04/22/electrical-insulation-materials-market-to-double-by-2034-reaching-usd-22-53-billion-amid-rising-energy-and-ev-demand/,FMIBlog,2025-04-22T11:48:00+00:00,Thermal Insulation from Natural Materials
A-Z eBook Guide of Removable Insulation Blanket Materials,https://www.azom.com/industry-focus/A-Z-eBook-Guide-of-Removable-Insulation-Blanket-Materials,AZOM,2024-03-27T12:28:00+00:00,Thermal Insulation from Natural Materials
Subsea Thermal Insulation Materials Market worth $316.6 million in 2030 - Exclusive Report by MarketsandMarkets,https://www.finanznachrichten.de/nachrichten-2025-04/65245685-subsea-thermal-insulation-materials-market-worth-dollar-316-6-million-in-2030-exclusive-report-by-marketsandmarkets-008.htm,Finanznachrichten,2025-04-29T12:42:00+00:00,Thermal Insulation from Natural Materials
"Researchers create materials with unique combination of stiffness, thermal insulation",https://www.msn.com/en-au/health/medical/researchers-create-materials-with-unique-combination-of-stiffness-thermal-insulation/ar-BB1ngVb0,MSN,2025-03-05T06:05:00+00:00,Thermal Insulation from Natural Materials
5 ways to insulate a wall to lower your energy bills and block out noise - and which ones are a mistake to DIY,https://www.msn.com/en-us/money/other/5-ways-to-insulate-a-wall-to-lower-your-energy-bills-and-block-out-noise-and-which-ones-are-a-mistake-to-diy/ar-AA1sYg0P,Homes & Gardens,2024-10-26T13:10:00+00:00,Thermal Insulation from Natural Materials
Construction Waste Management in the US in 2025: Opportunities and Difficulties,https://wasteadvantagemag.com/construction-waste-management-in-the-us-in-2025-opportunities-and-difficulties/,Waste Advantage Magazine,2025-04-30T03:15:00+00:00,Construction Materials from Agricultural Waste
Here's how buildings contribute to climate change - and what can be done about it,https://www.unep.org/news-and-stories/story/heres-how-buildings-contribute-climate-change-and-what-can-be-done-about-it,UN Environment Programme,2025-04-30T16:22:00+00:00,Construction Materials from Agricultural Waste
Using Agricultural Film Waste as a Binder in Construction Composites,https://www.msn.com/en-gb/money/technology/using-agricultural-film-waste-as-a-binder-in-construction-composites/ar-AA1xffqa,AZoBuild,2025-01-15T13:47:00+00:00,Construction Materials from Agricultural Waste
Advancing Eco-Friendly Construction: The Role of Biomass and Waste Integration,https://www.frontiersin.org/research-topics/70999/advancing-eco-friendly-construction-the-role-of-biomass-and-waste-integration,Frontiers,2025-04-28T06:50:00+00:00,Construction Materials from Agricultural Waste
School made from sugarcane waste signals a new era in sustainable construction,https://www.aol.com/school-made-sugarcane-waste-signals-220700933.html,AOL,2025-04-29T01:07:00+00:00,Construction Materials from Agricultural Waste
Wood Plastic Composite Market to Witness Robust Growth Fueled by Sustainable Construction and Automotive Demand,https://www.fmiblog.com/2025/05/02/wood-plastic-composite-market-to-witness-robust-growth-fueled-by-sustainable-construction-and-automotive-demand/,FMIBlog,2025-05-02T09:57:00+00:00,Construction Materials from Agricultural Waste
Carbon Credit: Graphene May Be the New 'Super' Concrete,https://timesofindia.indiatimes.com/city/chennai/carbon-credit-graphene-may-be-the-new-super-concrete/articleshow/120741207.cms,The Times of India,2025-04-29T18:55:00+00:00,Construction Materials from Agricultural Waste
Closing the loop: Transforming waste into valuable resources,https://www.devex.com/news/sponsored/closing-the-loop-transforming-waste-into-valuable-resources-109791,Devex,2025-04-10T00:01:00+00:00,Construction Materials from Agricultural Waste
Sustainable debris management for rural road development in Maharashtra,https://timesofindia.indiatimes.com/city/nagpur/maharashtra-promotes-recycling-of-debris-for-sustainable-farm-road-construction/articleshow/120562269.cms,The Times of India,2025-04-23T19:40:00+00:00,Construction Materials from Agricultural Waste
Using Agricultural Film Waste as a Binder in Construction Composites,https://www.msn.com/en-gb/money/other/using-agricultural-film-waste-as-a-binder-in-construction-composites/ar-AA1xffqa,MSN,2025-01-15T14:32:00+00:00,Construction Materials from Agricultural Waste
Scientists create extraordinary building material that repairs itself: 'This is exciting',https://www.msn.com/en-us/news/technology/scientists-create-extraordinary-building-material-that-repairs-itself-this-is-exciting/ar-AA1DEJDT,The Cool Down,2025-05-01T10:45:16+00:00,Bio-based Construction Materials
'Wood you believe it?' Engineers fortify wood with eco-friendly nano-iron,https://www.sciencedaily.com/releases/2025/04/250428221705.htm,Science Daily,2025-04-29T17:19:00+00:00,Bio-based Construction Materials
On the way to demonstrating the benefits of bio-based materials for the construction sector,https://sciencex.com/wire-news/251820135/on-the-way-to-demonstrating-the-benefits-of-bio-based-materials.html,sciencex,2025-03-24T00:01:00+00:00,Bio-based Construction Materials
Bio-based materials facing the challenges of the construction industry,https://sciencex.com/wire-news/252997683/bio-based-materials-facing-the-challenges-of-the-construction-in.html,sciencex,2025-04-07T00:01:00+00:00,Bio-based Construction Materials
Eco-Friendly Nano-Iron Treatment Fortifies Wood's Strength,https://www.msn.com/en-us/news/technology/engineers-fortify-wood-with-eco-friendly-nano-iron/ar-AA1DMIYD,Tech Xplore,2025-04-29T00:00:00+00:00,Bio-based Construction Materials
The Rise of Revolutionary Construction Materials,https://theconstructor.org/others/the-rise-of-revolutionary-construction-materials/577724/,The Constructor,2025-04-23T19:00:00+00:00,Bio-based Construction Materials
This School Was Built from Sugarcane Waste. It Might Change Construction Forever,https://www.msn.com/en-us/money/other/this-school-was-built-from-sugarcane-waste-it-might-change-construction-forever/ar-AA1DCXsA,ZME Science,2025-04-25T17:34:00+00:00,Bio-based Construction Materials
Bio-based Materials Collaborative Research,https://www.pratt.edu/work/bio-based-materials-collaborative-research/,Pratt Institute,2025-04-23T14:19:00+00:00,Bio-based Construction Materials
Untapped potential: Construction materials could store billions of tons of CO₂ annually,https://www.msn.com/en-us/money/other/untapped-potential-construction-materials-could-store-billions-of-tons-of-co-annually/ar-BB1rb6Db,Tech Xplore,2025-01-09T19:23:00+00:00,Bio-based Construction Materials
Global Construction Chemical Market Witnesses Dynamic Growth Amidst Expanding Infrastructure Development,https://www.fmiblog.com/2025/04/22/global-construction-chemical-market-witnesses-dynamic-growth-amidst-expanding-infrastructure-development/,FMIBlog,2025-04-22T11:02:00+00:00,Bio-based Construction Materials
A bio-based wood and bamboo Imoca for low-carbon sailing at the Vendée Globe,"https://www.jeccomposites.com/news/spotted-by-jec/a-bio-based-wood-and-bamboo-imoca-for-low-carbon-sailing-at-the-vendee-globe/?news_type=applications&end_use_application=marine-transportation-shipbuilding,sports-leisure-recreation&tax_product=bamboo,wood&exceptionaltags=sustainability",JEC,2025-04-18T14:17:00+00:00,Bio-based Construction Materials
Biobased Insulation Market Report 2025-2035: Emerging Bio-Aerogels & Carbon-Negative Insulation Set to Transform Green Building Sector,https://finance.yahoo.com/news/biobased-insulation-market-report-2025-082000072.html,Yahoo Finance,2025-04-17T04:20:00+00:00,Bio-based Construction Materials
'Wood you believe it?' FAU engineers fortify wood with eco-friendly nano-iron,https://www.eurekalert.org/news-releases/1081775,EurekAlert!,2025-04-28T17:54:00+00:00,Bio-based Construction Materials
Biobased Insulation Market Report 2025-2035: Emerging Bio-Aerogels & Carbon-Negative Insulation Set To Transform Green Building Sector,https://menafn.com/1109440751/Biobased-Insulation-Market-Report-2025-2035-Emerging-Bio-Aerogels-Carbon-Negative-Insulation-Set-To-Transform-Green-Building-Sector,Mena FN,2025-04-17T11:06:00+00:00,Bio-based Construction Materials
"Scientists engineer steel-like wood with iron for stronger, greener construction",https://www.msn.com/en-us/science/environmental-science/scientists-engineer-steel-like-wood-with-iron-for-stronger-greener-construction/ar-AA1DQz0P,Interesting Engineering,2025-04-29T14:19:05+00:00,Bio-based Construction Materials
Researchers develop cutting-edge method to build homes for the future: 'We hope to develop one of these paths',https://www.msn.com/en-us/money/realestate/resx.comearchers-develop-cutting-edge-method-to-build-homes-for-the-future-we-hope-to-develop-one-of-these-paths/ar-AA1xocoS,MSN,2025-03-13T21:44:00+00:00,Bio-based Construction Materials
Eco-voxels: Researchers pioneer reconfigurable building blocks for Earth and off-world construction,https://www.msn.com/en-us/technology/general/eco-voxels-researchers-pioneer-reconfigurable-building-blocks-for-earth-and-off-world-construction/ar-AA1DbCmB,MSN,2025-04-18T16:07:00+00:00,Bio-based Construction Materials
AIMPLAS participates in the European BIO4EEB Project to promote the use of bio-based insulating materials in construction,https://www.msn.com/en-gb/technology/general/aimplas-participates-in-the-european-bio4eeb-project-to-promote-the-use-of-bio-based-insulating-materials-in-construction/ar-AA1uz5rg,MSN,2025-04-12T11:10:00+00:00,Bio-based Construction Materials
Why 3D printing could make housing cheaper and more sustainable,https://www.msn.com/en-us/money/realestate/this-sustainable-solution-could-make-housing-cheaper-more-environmentally-friendly/ar-AA1Dtnk0,ABC News,2025-04-23T16:39:00+00:00,3D Printing with Alternative Construction Materials
3D printing barracks? Military eyes new ways to cut construction costs,https://www.msn.com/en-us/news/us/3d-printing-barracks-military-eyes-new-ways-to-cut-construction-costs/ar-AA1AMK4B,Military Times,2025-03-12T18:20:00+00:00,3D Printing with Alternative Construction Materials
3D construction printing gets ready for its moment in the spotlight,https://www.bdcnetwork.com/home/news/55281207/3d-construction-printing-gets-ready-for-its-moment-in-the-spotlight,Bdcnetwork.com,2025-04-10T15:00:00+00:00,3D Printing with Alternative Construction Materials
UW researchers develop new 3D printing materials,https://www.voxelmatters.com/uw-researchers-develop-new-3d-printing-materials/,VoxelMatters,2025-04-24T20:11:00+00:00,3D Printing with Alternative Construction Materials
"Alternative solutions: Builders employ 3D printing, hemp amid US housing struggles",https://www.altoonamirror.com/news/2025/03/alternative-solutions-builders-employ-3d-printing-hemp-amid-us-housing-struggles/,Altoona Mirror,2025-03-29T00:00:00+00:00,3D Printing with Alternative Construction Materials
3D Printed Materials,https://www.rit.edu/ipi/3d-printed-materials,Rochester Institute of Technology,2025-04-23T04:14:00+00:00,3D Printing with Alternative Construction Materials
Four new resins that are expanding 3D printing possibilities,https://www.voxelmatters.com/new-photopolymer-resins/,VoxelMatters,2025-05-02T15:00:00+00:00,3D Printing with Alternative Construction Materials
3D printed and factory-built homes could help tackle housing crisis,https://www.ocregister.com/2025/03/26/housing-crisis-alternative-solutions/,Orange County Register,2025-03-27T01:55:00+00:00,3D Printing with Alternative Construction Materials
Bringing High Temperature 3D Printing To The Masses,https://hackaday.com/2020/10/28/bringing-high-temperature-3d-printing-to-the-masses/,Hackaday,2020-10-28T07:19:00+00:00,3D Printing with Alternative Construction Materials
3D Printing Adds New Dimensions to Core Course on Soft Materials,https://www.mccormick.northwestern.edu/news/articles/2025/04/3d-printing-adds-new-dimensions-to-core-course-on-soft-materials/,mccormick.northwestern.edu,2025-04-08T00:00:00+00:00,3D Printing with Alternative Construction Materials
An Alternative Orientation For 3D Printed Enclosures,https://hackaday.com/2024/02/02/an-alternative-orientation-for-3d-printed-enclosures/,Hackaday,2024-02-03T09:15:00+00:00,3D Printing with Alternative Construction Materials
3D Printing Laboratory,https://www.mccormick.northwestern.edu/civil-environmental/research/3d-printing-laboratory.html,mccormick.northwestern.edu,2020-08-14T04:14:00+00:00,3D Printing with Alternative Construction Materials
3D Printing in Space Could Lead to Safer Space Missions,https://www.discovermagazine.com/technology/3d-printing-in-space-could-lead-to-safer-space-missions,Discover Magazine,2025-01-13T09:08:00+00:00,3D Printing with Alternative Construction Materials
"Biomedical 3D Printing: Research Landscape, Applications, and New Innovative Materials",https://www.acs.org/acs-webinars/library/biomedical-3d-printing.html,C&EN,2023-04-17T14:38:00+00:00,3D Printing with Alternative Construction Materials
Inside the climate innovations reshaping our buildings,https://www.msn.com/en-us/news/technology/inside-the-climate-innovations-reshaping-our-buildings/ar-AA1DvqB4,Fast Company,2025-04-23T00:05:00+00:00,Energy-Efficient Buildings with Alternative Construction Materials
7 Ways to Retrofit Buildings for Energy Efficiency,https://www.bloomberg.com/sponsors/jll/seven-ways-to-retrofit/index.html,Bloomberg L.P.,2024-01-25T01:23:00+00:00,Energy-Efficient Buildings with Alternative Construction Materials
Scientists create 'fungi tiles' with elephant skin texture to cool buildings,https://www.msn.com/en-us/news/technology/scientists-create-fungi-tiles-with-elephant-skin-texture-to-cool-buildings/ar-AA1CajLl,MSN,2025-04-02T17:00:00+00:00,Energy-Efficient Buildings with Alternative Construction Materials
Transparent metamaterial for energy-efficient regulation in building can clean itself like a lotus leaf,https://www.msn.com/en-us/money/other/transparent-metamaterial-for-energy-efficient-regulation-in-building-can-clean-itself-like-a-lotus-leaf/ar-BB1mZtOj,MSN,2024-05-24T14:42:00+00:00,Energy-Efficient Buildings with Alternative Construction Materials
Elephant skin-inspired 'fungi tiles' keep buildings cool without electricity: 'Promising eco-friendly alternative',https://www.msn.com/en-us/news/technology/elephant-skin-inspired-fungi-tiles-keep-buildings-cool-without-electricity-promising-eco-friendly-alternative/ar-AA1DRCw6,Good Good Good,2025-04-29T19:36:08+00:00,Energy-Efficient Buildings with Alternative Construction Materials
NTU Singapore Scientists Create 'fungi tiles' With Elephant Skin Texture to Cool Buildings,https://www.msn.com/en-gb/science/biology/ntu-singapore-scientists-create-fungi-tiles-with-elephant-skin-texture-to-cool-buildings/ar-AA1C8ZEn,MSN,2025-04-02T12:08:00+00:00,Energy-Efficient Buildings with Alternative Construction Materials
Holcim Steps Up Call for Greener Construction Practices in PH,https://manilastandard.net/tech/314586314/holcim-steps-up-call-for-greener-construction-practices-in-ph.html,Manila Standard,2025-05-05T06:43:00+00:00,Adoption of Alternative Construction Materials
Adaptavate secures £2.7 million in a pre-Series A round to accelerate global scale-up of low-carbon construction technology,https://finance.yahoo.com/news/adaptavate-secures-2-7-million-101600281.html,Yahoo Finance,2025-04-23T10:17:00+00:00,Adoption of Alternative Construction Materials
Holcim steps up call for greener construction practices in PH,https://mindanaotimes.com.ph/holcim-steps-up-call-for-greener-construction-practices-in-ph/,Mindanao Times,2025-04-24T00:00:00+00:00,Adoption of Alternative Construction Materials
How Will the Trade War Affect Commercial Construction?,https://www.globest.com/2025/04/28/how-will-the-trade-war-affect-commercial-construction/,GlobeSt,2025-04-28T08:39:00+00:00,Economic Impact of Alternative Construction Materials
The structural consequences: Trump's tariff policies' effect on supply chains in the construction industry,https://www.worldconstructionnetwork.com/analyst-comment/structural-consequences-trumps-tariffs-construction-industry/,World Construction Network,2025-04-30T13:09:00+00:00,Economic Impact of Alternative Construction Materials
Uncovering the Impact of Steel and Aluminum Tariffs,https://www.contractormag.com/management/best-practices/article/55287155/uncovering-the-impact-of-steel-and-aluminum-tariffs,Contractor,2025-04-30T23:01:00+00:00,Economic Impact of Alternative Construction Materials
Important Update on Tariffs and Their Impact on the Construction Industry,https://www.jdsupra.com/legalnews/important-update-on-tariffs-and-their-2307773/,JD Supra,2025-04-07T00:01:00+00:00,Economic Impact of Alternative Construction Materials
China moves to mitigate tariffs impact on construction,https://www.meed.com/china-moves-to-mitigate-tariffs-impact-on-construction,MEED,2025-04-24T07:33:00+00:00,Economic Impact of Alternative Construction Materials
"Colorado economists warn of rising home prices, job losses as tariffs hit construction materials",https://www.craigdailypress.com/news/colorado-economists-warn-of-rising-home-prices-job-losses-as-tariffs-hit-construction-materials/,Craig Daily Press,2025-04-22T00:00:00+00:00,Economic Impact of Alternative Construction Materials
Steel & Aluminum Tariffs: How They'll Raise Home & Pool Construction Costs in 2025,https://www.msn.com/en-us/money/realestate/steel-aluminum-tariffs-how-they-ll-raise-home-pool-construction-costs-in-2025/ar-AA1AMvkI,Emily Standley Allard,2025-03-12T16:27:00+00:00,Economic Impact of Alternative Construction Materials
"CRE industry braces for impact as trade war raises construction costs, economic uncertainty",https://www.msn.com/en-us/money/economy/cre-industry-braces-for-impact-as-trade-war-raises-construction-costs-economic-uncertainty/ar-AA1CBO0U,MSN,2025-04-09T15:36:00+00:00,Economic Impact of Alternative Construction Materials
Building activity in metro Boston is already low. Now come tariffs.,https://www.bizjournals.com/boston/news/2025/04/07/tariff-impact-residential-commercial-construction.html,The Business Journals,2025-04-07T00:01:00+00:00,Economic Impact of Alternative Construction Materials
Is Aecom (NYSE:ACM) a Small-Cap Construction and Materials Stock Hedge Funds Are Buying?,https://finance.yahoo.com/news/aecom-nyse-acm-small-cap-001328218.html,Yahoo Finance,2025-04-29T23:59:00+00:00,Economic Impact of Alternative Construction Materials
Using alkali-activated materials to develop sustainable construction materials,https://www.sheffield.ac.uk/energy/decarbonising-cities/using-alkali-activated-materials-develop-sustainable-construction-materials,University of Sheffield,2021-05-03T20:52:00+00:00,Promoting Sustainable Alternative Construction Materials
Fungal Mycelium Offers Sustainable Alternative to Concrete,https://www.msn.com/en-gb/money/technology/fungal-mycelium-offers-sustainable-alternative-to-concrete/ar-AA1DTJr8,AZoBuild,2025-04-30T07:23:00+00:00,Promoting Sustainable Alternative Construction Materials
Adaptavate raises funds to advance low-carbon construction technology,https://www.msn.com/en-us/money/savingandinvesting/adaptavate-raises-funds-to-advance-low-carbon-construction-technology/ar-AA1DzkOq,World Construction Network,2025-04-24T15:52:37+00:00,Promoting Sustainable Alternative Construction Materials
This Kerala NGO is on a mission to promote sustainable housing,https://www.msn.com/en-in/news/India/this-kerala-ngo-is-on-a-mission-to-promote-sustainable-housing/ar-AA1Cg6Ze,MSN,2025-04-04T00:36:00+00:00,Promoting Sustainable Alternative Construction Materials
Building a greener future with PEBs,https://www.constructionweekonline.in/people/pebs-greenfast,Construction Week Online India,2025-04-17T06:10:00+00:00,Promoting Sustainable Alternative Construction Materials
Adaptavate and SigmaRoc to scale low-carbon tech in global construction,https://www.buildersmerchantsnews.co.uk/Adaptavate-and-SigmaRoc-to-scale-low-carbon-tech-in-global-construction/58653,Builders' Merchants News,2025-04-24T08:44:00+00:00,Promoting Sustainable Alternative Construction Materials
Engineered Biomaterial with Living Cells Offers Sustainable Construction Potential,https://www.msn.com/en-gb/money/technology/engineered-biomaterial-with-living-cells-offers-sustainable-construction-potential/ar-AA1D6uY5,MSN,2025-04-17T12:44:00+00:00,Promoting Sustainable Alternative Construction Materials
The Future Of Construction? Scientists Create Iron-Fortified Wood That's Harder Than Ever Before,https://www.msn.com/en-us/news/technology/the-future-of-construction-scientists-create-iron-fortified-wood-that-s-harder-than-ever-before/ar-AA1DQLvx,Study Finds,2025-04-29T14:43:59+00:00,Alternative Construction Materials with Enhanced Properties
Multiscale fibrous reinforcements yield high-performance construction composite,https://www.eurekalert.org/news-releases/1082105,EurekAlert!,2025-04-29T00:00:00+00:00,Alternative Construction Materials with Enhanced Properties
"Nanostructuring MOF crystals unlocks their potential, retaining electrical properties with enhanced sensitivity",https://phys.org/news/2025-04-nanostructuring-mof-crystals-potential-retaining.html,Phys.org,2025-04-03T00:00:00+00:00,Alternative Construction Materials with Enhanced Properties
The Rise of Advanced Technologies in the Construction World,https://www.msn.com/en-us/technology/tech-companies/the-rise-of-advanced-technologies-in-the-construction-world/vi-AA1CqHNi,MSN,2025-04-07T00:01:00+00:00,Improving Alternative Construction Materials with New Technologies
Next-Level Construction Technologies Paving the Way for the Future,https://www.msn.com/en-us/money/companies/next-level-construction-technologies-paving-the-way-for-the-future/vi-AA1CoU9z,MSN,2025-04-06T00:00:00+00:00,Improving Alternative Construction Materials with New Technologies
Flying robots unlock new horizons in construction,https://www.sciencedaily.com/releases/2025/04/250424121155.htm,Science Daily,2025-04-24T18:33:00+00:00,Improving Alternative Construction Materials with New Technologies
The Latest Advances in Construction You Need to See,https://www.msn.com/en-us/technology/general/the-latest-advances-in-construction-you-need-to-see/vi-AA1A80T3,Smart Tech,2025-04-23T11:46:48+00:00,Improving Alternative Construction Materials with New Technologies
Future of Building with Groundbreaking Construction Technologies,https://www.msn.com/en-us/technology/tech-leaders/future-of-building-with-groundbreaking-construction-technologies/vi-AA1CQrtr,Smart Tech,2025-04-13T18:24:43+00:00,Improving Alternative Construction Materials with New Technologies
Pioneering Technologies Changing the Face of Construction,https://www.msn.com/en-us/technology/tech-companies/pioneering-technologies-changing-the-face-of-construction/vi-AA1A68JT,Smart Tech,2025-04-23T11:47:11+00:00,Improving Alternative Construction Materials with New Technologies
Scientists merge two 'impossible' materials into new artificial structure,https://www.sciencedaily.com/releases/2025/04/250402200857.htm,Science Daily,2025-04-02T00:00:00+00:00,Improving Alternative Construction Materials with New Technologies
Revolutionary Construction Technologies Taking Building to the Next Level,https://www.msn.com/en-us/money/other/revolutionary-construction-technologies-taking-building-to-the-next-level/vi-AA1DfFCs,MSN,2025-04-20T00:00:00+00:00,Improving Alternative Construction Materials with New Technologies
Adaptavate raises funds to advance low-carbon construction technology,https://www.msn.com/en-us/money/technology/adaptavate-raises-funds-to-advance-low-carbon-construction-technology/ar-AA1DzkOq,World Construction Network,2025-04-24T15:52:37+00:00,Improving Alternative Construction Materials with New Technologies
Future of Construction with Groundbreaking New Technologies,https://www.msn.com/en-us/news/technology/future-of-construction-with-groundbreaking-new-technologies/vi-AA1CqSZV,MSN,2025-04-07T00:01:00+00:00,Improving Alternative Construction Materials with New Technologies
The Next Wealth Revolution: How Circular Business Models Are Redefining Growth,https://observer.com/2025/04/circular-economy-business-strategy/,Observer,2025-04-29T22:30:00+00:00,Integrating Alternative Construction Materials into Circular Economy
Transitioning to a circular bioeconomy to meet future demands,https://www.worldwildlife.org/blog-posts/transitioning-to-a-circular-bioeconomy-to-meet-future-demands,World Wildlife Fund (WWF),2025-04-28T00:00:00+00:00,Integrating Alternative Construction Materials into Circular Economy
Website creates 'circular economy' for B.C. construction,https://www.nsnews.com/real-estate/website-creates-circular-economy-for-bc-construction-10159869,News,2025-04-05T06:00:00+00:00,Integrating Alternative Construction Materials into Circular Economy
#BizTrends2025: Sustainable demolition is key for circular construction,https://www.msn.com/en-za/technology/general/biztrends2025-sustainable-demolition-is-key-for-circular-construction/ar-AA1xKGJq,MSN,2025-01-24T00:07:00+00:00,Integrating Alternative Construction Materials into Circular Economy
Website creates 'circular economy' for B.C. construction,https://www.biv.com/news/real-estate/website-creates-circular-economy-for-bc-construction-10159869,Vancouver,2025-04-05T06:00:00+00:00,Integrating Alternative Construction Materials into Circular Economy
"Tariffs prompt caution, collaboration in construction industry",https://finance-commerce.com/2025/05/construction-tariffs-tech-panel/,Finance & Commerce,2025-05-02T02:08:00+00:00,Collaboration for Development of Alternative Construction Materials
University supporting development of new £1m concrete plant,https://www.tees.ac.uk/sections/news/pressreleases_story.cfm?story_id=8721,Teesside University,2025-04-24T16:50:00+00:00,Collaboration for Development of Alternative Construction Materials
